,Year_Month,Province,Average NO2 Value,Average PM2.5 Value,Average PM10 Value,area_km2,vehicles_tot
0,1990-01-01,Drenthe,29,,,0.0,11755668
1,1990-01-01,Flevoland,33,,,0.0,12550586
2,1990-01-01,Friesland,28,,,0.0,14990976
3,1990-01-01,Gelderland,39,,,0.0,43979534
4,1990-01-01,Groningen,28,,,0.0,11936457
5,1990-01-01,Limburg,29,,,0.0,23560147
6,1990-01-01,Noord-Brabant,33,,,0.0,57201144
7,1990-01-01,Noord-Holland,41,,,0.0,47438165
8,1990-01-01,Overijssel,34,,,0.0,25136738
9,1990-01-01,Utrecht,40,,,0.0,27202822
10,1990-01-01,Zeeland,30,,,0.0,8732228
11,1990-01-01,Zuid-Holland,43,,,0.0,62190626
12,1990-02-01,Drenthe,23,,,0.0,11755668
13,1990-02-01,Flevoland,26,,,0.0,12550586
14,1990-02-01,Friesland,19,,,0.0,14990976
15,1990-02-01,Gelderland,38,,,0.0,43979534
16,1990-02-01,Groningen,22,,,0.0,11936457
17,1990-02-01,Limburg,24,,,0.0,23560147
18,1990-02-01,Noord-Brabant,30,,,0.0,57201144
19,1990-02-01,Noord-Holland,39,,,0.0,47438165
20,1990-02-01,Overijssel,28,,,0.0,25136738
21,1990-02-01,Utrecht,41,,,0.0,27202822
22,1990-02-01,Zeeland,21,,,0.0,8732228
23,1990-02-01,Zuid-Holland,40,,,0.0,62190626
24,1990-03-01,Drenthe,20,,,0.0,11755668
25,1990-03-01,Flevoland,24,,,0.0,12550586
26,1990-03-01,Friesland,16,,,0.0,14990976
27,1990-03-01,Gelderland,41,,,0.0,43979534
28,1990-03-01,Groningen,20,,,0.0,11936457
29,1990-03-01,Limburg,34,,,0.0,23560147
30,1990-03-01,Noord-Brabant,42,,,0.0,57201144
31,1990-03-01,Noord-Holland,40,,,0.0,47438165
32,1990-03-01,Overijssel,24,,,0.0,25136738
33,1990-03-01,Utrecht,46,,,0.0,27202822
34,1990-03-01,Zeeland,28,,,0.0,8732228
35,1990-03-01,Zuid-Holland,48,,,0.0,62190626
36,1990-04-01,Drenthe,14,,,0.0,11755668
37,1990-04-01,Flevoland,16,,,0.0,12550586
38,1990-04-01,Friesland,11,,,0.0,14990976
39,1990-04-01,Gelderland,38,,,0.0,43979534
40,1990-04-01,Groningen,22,,,0.0,11936457
41,1990-04-01,Limburg,29,,,0.0,23560147
42,1990-04-01,Noord-Brabant,42,,,0.0,57201144
43,1990-04-01,Noord-Holland,37,,,0.0,47438165
44,1990-04-01,Overijssel,15,,,0.0,25136738
45,1990-04-01,Utrecht,43,,,0.0,27202822
46,1990-04-01,Zeeland,25,,,0.0,8732228
47,1990-04-01,Zuid-Holland,45,,,0.0,62190626
48,1990-05-01,Drenthe,12,,,0.0,11755668
49,1990-05-01,Flevoland,13,,,0.0,12550586
50,1990-05-01,Friesland,9,,,0.0,14990976
51,1990-05-01,Gelderland,41,,,0.0,43979534
52,1990-05-01,Groningen,13,,,0.0,11936457
53,1990-05-01,Limburg,29,,,0.0,23560147
54,1990-05-01,Noord-Brabant,50,,,0.0,57201144
55,1990-05-01,Noord-Holland,36,,,0.0,47438165
56,1990-05-01,Overijssel,17,,,0.0,25136738
57,1990-05-01,Utrecht,50,,,0.0,27202822
58,1990-05-01,Zeeland,23,,,0.0,8732228
59,1990-05-01,Zuid-Holland,48,,,0.0,62190626
60,1990-06-01,Drenthe,12,,,0.0,11755668
61,1990-06-01,Flevoland,13,,,0.0,12550586
62,1990-06-01,Friesland,10,,,0.0,14990976
63,1990-06-01,Gelderland,37,,,0.0,43979534
64,1990-06-01,Groningen,12,,,0.0,11936457
65,1990-06-01,Limburg,24,,,0.0,23560147
66,1990-06-01,Noord-Brabant,40,,,0.0,57201144
67,1990-06-01,Noord-Holland,33,,,0.0,47438165
68,1990-06-01,Overijssel,19,,,0.0,25136738
69,1990-06-01,Utrecht,49,,,0.0,27202822
70,1990-06-01,Zeeland,14,,,0.0,8732228
71,1990-06-01,Zuid-Holland,41,,,0.0,62190626
72,1990-07-01,Drenthe,9,,,0.0,11755668
73,1990-07-01,Flevoland,10,,,0.0,12550586
74,1990-07-01,Friesland,7,,,0.0,14990976
75,1990-07-01,Gelderland,31,,,0.0,43979534
76,1990-07-01,Groningen,11,,,0.0,11936457
77,1990-07-01,Limburg,24,,,0.0,23560147
78,1990-07-01,Noord-Brabant,36,,,0.0,57201144
79,1990-07-01,Noord-Holland,28,,,0.0,47438165
80,1990-07-01,Overijssel,14,,,0.0,25136738
81,1990-07-01,Utrecht,41,,,0.0,27202822
82,1990-07-01,Zeeland,16,,,0.0,8732228
83,1990-07-01,Zuid-Holland,36,,,0.0,62190626
84,1990-08-01,Drenthe,15,,,0.0,11755668
85,1990-08-01,Flevoland,16,,,0.0,12550586
86,1990-08-01,Friesland,13,,,0.0,14990976
87,1990-08-01,Gelderland,41,,,0.0,43979534
88,1990-08-01,Groningen,17,,,0.0,11936457
89,1990-08-01,Limburg,36,,,0.0,23560147
90,1990-08-01,Noord-Brabant,50,,,0.0,57201144
91,1990-08-01,Noord-Holland,39,,,0.0,47438165
92,1990-08-01,Overijssel,23,,,0.0,25136738
93,1990-08-01,Utrecht,54,,,0.0,27202822
94,1990-08-01,Zeeland,24,,,0.0,8732228
95,1990-08-01,Zuid-Holland,49,,,0.0,62190626
96,1990-09-01,Drenthe,15,,,0.0,11755668
97,1990-09-01,Flevoland,20,,,0.0,12550586
98,1990-09-01,Friesland,10,,,0.0,14990976
99,1990-09-01,Gelderland,38,,,0.0,43979534
100,1990-09-01,Groningen,14,,,0.0,11936457
101,1990-09-01,Limburg,34,,,0.0,23560147
102,1990-09-01,Noord-Brabant,41,,,0.0,57201144
103,1990-09-01,Noord-Holland,34,,,0.0,47438165
104,1990-09-01,Overijssel,24,,,0.0,25136738
105,1990-09-01,Utrecht,47,,,0.0,27202822
106,1990-09-01,Zeeland,18,,,0.0,8732228
107,1990-09-01,Zuid-Holland,40,,,0.0,62190626
108,1990-10-01,Drenthe,28,,,0.0,11755668
109,1990-10-01,Flevoland,32,,,0.0,12550586
110,1990-10-01,Friesland,28,,,0.0,14990976
111,1990-10-01,Gelderland,42,,,0.0,43979534
112,1990-10-01,Groningen,30,,,0.0,11936457
113,1990-10-01,Limburg,35,,,0.0,23560147
114,1990-10-01,Noord-Brabant,42,,,0.0,57201144
115,1990-10-01,Noord-Holland,45,,,0.0,47438165
116,1990-10-01,Overijssel,36,,,0.0,25136738
117,1990-10-01,Utrecht,52,,,0.0,27202822
118,1990-10-01,Zeeland,35,,,0.0,8732228
119,1990-10-01,Zuid-Holland,49,,,0.0,62190626
120,1990-11-01,Drenthe,25,,,0.0,11755668
121,1990-11-01,Flevoland,31,,,0.0,12550586
122,1990-11-01,Friesland,22,,,0.0,14990976
123,1990-11-01,Gelderland,42,,,0.0,43979534
124,1990-11-01,Groningen,27,,,0.0,11936457
125,1990-11-01,Limburg,37,,,0.0,23560147
126,1990-11-01,Noord-Brabant,40,,,0.0,57201144
127,1990-11-01,Noord-Holland,45,,,0.0,47438165
128,1990-11-01,Overijssel,33,,,0.0,25136738
129,1990-11-01,Utrecht,54,,,0.0,27202822
130,1990-11-01,Zeeland,35,,,0.0,8732228
131,1990-11-01,Zuid-Holland,50,,,0.0,62190626
132,1990-12-01,Drenthe,24,,,0.0,11755668
133,1990-12-01,Flevoland,27,,,0.0,12550586
134,1990-12-01,Friesland,23,,,0.0,14990976
135,1990-12-01,Gelderland,37,,,0.0,43979534
136,1990-12-01,Groningen,27,,,0.0,11936457
137,1990-12-01,Limburg,36,,,0.0,23560147
138,1990-12-01,Noord-Brabant,38,,,0.0,57201144
139,1990-12-01,Noord-Holland,38,,,0.0,47438165
140,1990-12-01,Overijssel,28,,,0.0,25136738
141,1990-12-01,Utrecht,47,,,0.0,27202822
142,1990-12-01,Zeeland,32,,,0.0,8732228
143,1990-12-01,Zuid-Holland,42,,,0.0,62190626
144,2016-01-01,Drenthe,17,,23.0,0.0,11755668
145,2016-01-01,Flevoland,21,,19.0,0.0,12550586
146,2016-01-01,Friesland,16,17.0,22.0,0.0,14990976
147,2016-01-01,Gelderland,27,12.0,21.0,0.0,43979534
148,2016-01-01,Groningen,26,19.0,32.0,0.0,11936457
149,2016-01-01,Limburg,23,10.0,15.0,0.0,23560147
150,2016-01-01,Noord-Brabant,27,12.0,18.0,0.0,57201144
151,2016-01-01,Noord-Holland,33,15.0,21.0,0.0,47438165
152,2016-01-01,Overijssel,20,18.0,20.0,0.0,25136738
153,2016-01-01,Utrecht,31,12.0,18.0,0.0,27202822
154,2016-01-01,Zeeland,18,,18.0,0.0,8732228
155,2016-01-01,Zuid-Holland,36,12.0,20.0,0.0,62190626
156,2016-02-01,Drenthe,11,,13.0,0.0,11755668
157,2016-02-01,Flevoland,16,,14.0,0.0,12550586
158,2016-02-01,Friesland,9,8.0,14.0,0.0,14990976
159,2016-02-01,Gelderland,24,10.0,18.0,0.0,43979534
160,2016-02-01,Groningen,20,9.0,21.0,0.0,11936457
161,2016-02-01,Limburg,22,11.0,14.0,0.0,23560147
162,2016-02-01,Noord-Brabant,25,10.0,16.0,0.0,57201144
163,2016-02-01,Noord-Holland,30,12.0,18.0,0.0,47438165
164,2016-02-01,Overijssel,13,11.0,14.0,0.0,25136738
165,2016-02-01,Utrecht,28,10.0,16.0,0.0,27202822
166,2016-02-01,Zeeland,16,,16.0,0.0,8732228
167,2016-02-01,Zuid-Holland,34,10.0,18.0,0.0,62190626
168,2016-03-01,Drenthe,9,,16.0,0.0,11755668
169,2016-03-01,Flevoland,12,,17.0,0.0,12550586
170,2016-03-01,Friesland,9,9.0,17.0,0.0,14990976
171,2016-03-01,Gelderland,25,14.0,22.0,0.0,43979534
172,2016-03-01,Groningen,19,13.0,24.0,0.0,11936457
173,2016-03-01,Limburg,23,17.0,22.0,0.0,23560147
174,2016-03-01,Noord-Brabant,23,15.0,20.0,0.0,57201144
175,2016-03-01,Noord-Holland,29,15.0,21.0,0.0,47438165
176,2016-03-01,Overijssel,10,15.0,17.0,0.0,25136738
177,2016-03-01,Utrecht,26,14.0,19.0,0.0,27202822
178,2016-03-01,Zeeland,16,,22.0,0.0,8732228
179,2016-03-01,Zuid-Holland,31,13.0,21.0,0.0,62190626
180,2016-04-01,Drenthe,8,,11.0,0.0,11755668
181,2016-04-01,Flevoland,11,,13.0,0.0,12550586
182,2016-04-01,Friesland,6,7.0,14.0,0.0,14990976
183,2016-04-01,Gelderland,20,8.0,16.0,0.0,43979534
184,2016-04-01,Groningen,17,9.0,20.0,0.0,11936457
185,2016-04-01,Limburg,18,9.0,14.0,0.0,23560147
186,2016-04-01,Noord-Brabant,19,9.0,15.0,0.0,57201144
187,2016-04-01,Noord-Holland,26,10.0,17.0,0.0,47438165
188,2016-04-01,Overijssel,9,9.0,12.0,0.0,25136738
189,2016-04-01,Utrecht,23,8.0,14.0,0.0,27202822
190,2016-04-01,Zeeland,13,,17.0,0.0,8732228
191,2016-04-01,Zuid-Holland,28,9.0,16.0,0.0,62190626
192,2016-05-01,Drenthe,8,,14.0,0.0,11755668
193,2016-05-01,Flevoland,10,,16.0,0.0,12550586
194,2016-05-01,Friesland,7,9.0,18.0,0.0,14990976
195,2016-05-01,Gelderland,20,9.0,19.0,0.0,43979534
196,2016-05-01,Groningen,15,9.0,23.0,0.0,11936457
197,2016-05-01,Limburg,17,9.0,18.0,0.0,23560147
198,2016-05-01,Noord-Brabant,18,11.0,19.0,0.0,57201144
199,2016-05-01,Noord-Holland,23,13.0,20.0,0.0,47438165
200,2016-05-01,Overijssel,8,9.0,16.0,0.0,25136738
201,2016-05-01,Utrecht,19,9.0,17.0,0.0,27202822
202,2016-05-01,Zeeland,14,,21.0,0.0,8732228
203,2016-05-01,Zuid-Holland,25,10.0,19.0,0.0,62190626
204,2016-06-01,Drenthe,7,,14.0,0.0,11755668
205,2016-06-01,Flevoland,7,,15.0,0.0,12550586
206,2016-06-01,Friesland,6,8.0,18.0,0.0,14990976
207,2016-06-01,Gelderland,17,7.0,17.0,0.0,43979534
208,2016-06-01,Groningen,15,9.0,24.0,0.0,11936457
209,2016-06-01,Limburg,15,11.0,18.0,0.0,23560147
210,2016-06-01,Noord-Brabant,17,13.0,18.0,0.0,57201144
211,2016-06-01,Noord-Holland,21,11.0,19.0,0.0,47438165
212,2016-06-01,Overijssel,6,8.0,17.0,0.0,25136738
213,2016-06-01,Utrecht,18,8.0,16.0,0.0,27202822
214,2016-06-01,Zeeland,11,,19.0,0.0,8732228
215,2016-06-01,Zuid-Holland,24,9.0,19.0,0.0,62190626
216,2016-07-01,Drenthe,5,,12.0,0.0,11755668
217,2016-07-01,Flevoland,7,,13.0,0.0,12550586
218,2016-07-01,Friesland,5,3.0,14.0,0.0,14990976
219,2016-07-01,Gelderland,18,5.0,16.0,0.0,43979534
220,2016-07-01,Groningen,13,6.0,16.0,0.0,11936457
221,2016-07-01,Limburg,14,7.0,16.0,0.0,23560147
222,2016-07-01,Noord-Brabant,15,9.0,17.0,0.0,57201144
223,2016-07-01,Noord-Holland,20,8.0,16.0,0.0,47438165
224,2016-07-01,Overijssel,7,5.0,13.0,0.0,25136738
225,2016-07-01,Utrecht,19,5.0,14.0,0.0,27202822
226,2016-07-01,Zeeland,8,,14.0,0.0,8732228
227,2016-07-01,Zuid-Holland,22,5.0,16.0,0.0,62190626
228,2016-08-01,Drenthe,7,,12.0,0.0,11755668
229,2016-08-01,Flevoland,8,,13.0,0.0,12550586
230,2016-08-01,Friesland,5,4.0,13.0,0.0,14990976
231,2016-08-01,Gelderland,18,5.0,14.0,0.0,43979534
232,2016-08-01,Groningen,14,5.0,16.0,0.0,11936457
233,2016-08-01,Limburg,16,6.0,15.0,0.0,23560147
234,2016-08-01,Noord-Brabant,17,8.0,16.0,0.0,57201144
235,2016-08-01,Noord-Holland,22,9.0,17.0,0.0,47438165
236,2016-08-01,Overijssel,7,4.0,13.0,0.0,25136738
237,2016-08-01,Utrecht,19,6.0,14.0,0.0,27202822
238,2016-08-01,Zeeland,11,,20.0,0.0,8732228
239,2016-08-01,Zuid-Holland,24,8.0,17.0,0.0,62190626
240,2016-09-01,Drenthe,11,,17.0,0.0,11755668
241,2016-09-01,Flevoland,12,,20.0,0.0,12550586
242,2016-09-01,Friesland,9,8.0,17.0,0.0,14990976
243,2016-09-01,Gelderland,26,8.0,23.0,0.0,43979534
244,2016-09-01,Groningen,20,10.0,22.0,0.0,11936457
245,2016-09-01,Limburg,22,8.0,21.0,0.0,23560147
246,2016-09-01,Noord-Brabant,24,12.0,23.0,0.0,57201144
247,2016-09-01,Noord-Holland,31,11.0,21.0,0.0,47438165
248,2016-09-01,Overijssel,11,9.0,18.0,0.0,25136738
249,2016-09-01,Utrecht,28,8.0,19.0,0.0,27202822
250,2016-09-01,Zeeland,16,,20.0,0.0,8732228
251,2016-09-01,Zuid-Holland,34,11.0,22.0,0.0,62190626
252,2016-10-01,Drenthe,10,,14.0,0.0,11755668
253,2016-10-01,Flevoland,13,,15.0,0.0,12550586
254,2016-10-01,Friesland,10,8.0,12.0,0.0,14990976
255,2016-10-01,Gelderland,25,11.0,19.0,0.0,43979534
256,2016-10-01,Groningen,22,10.0,20.0,0.0,11936457
257,2016-10-01,Limburg,22,12.0,17.0,0.0,23560147
258,2016-10-01,Noord-Brabant,24,13.0,20.0,0.0,57201144
259,2016-10-01,Noord-Holland,28,13.0,18.0,0.0,47438165
260,2016-10-01,Overijssel,12,10.0,15.0,0.0,25136738
261,2016-10-01,Utrecht,25,10.0,16.0,0.0,27202822
262,2016-10-01,Zeeland,18,,17.0,0.0,8732228
263,2016-10-01,Zuid-Holland,31,12.0,18.0,0.0,62190626
264,2016-11-01,Drenthe,16,,14.0,0.0,11755668
265,2016-11-01,Flevoland,20,,15.0,0.0,12550586
266,2016-11-01,Friesland,15,9.0,13.0,0.0,14990976
267,2016-11-01,Gelderland,29,12.0,21.0,0.0,43979534
268,2016-11-01,Groningen,26,10.0,21.0,0.0,11936457
269,2016-11-01,Limburg,25,12.0,17.0,0.0,23560147
270,2016-11-01,Noord-Brabant,28,14.0,20.0,0.0,57201144
271,2016-11-01,Noord-Holland,35,13.0,18.0,0.0,47438165
272,2016-11-01,Overijssel,18,11.0,16.0,0.0,25136738
273,2016-11-01,Utrecht,32,11.0,17.0,0.0,27202822
274,2016-11-01,Zeeland,21,,16.0,0.0,8732228
275,2016-11-01,Zuid-Holland,37,12.0,18.0,0.0,62190626
276,2016-12-01,Drenthe,20,,23.0,0.0,11755668
277,2016-12-01,Flevoland,27,,23.0,0.0,12550586
278,2016-12-01,Friesland,23,14.0,21.0,0.0,14990976
279,2016-12-01,Gelderland,34,19.0,31.0,0.0,43979534
280,2016-12-01,Groningen,31,17.0,33.0,0.0,11936457
281,2016-12-01,Limburg,31,18.0,24.0,0.0,23560147
282,2016-12-01,Noord-Brabant,34,21.0,29.0,0.0,57201144
283,2016-12-01,Noord-Holland,41,21.0,29.0,0.0,47438165
284,2016-12-01,Overijssel,24,19.0,24.0,0.0,25136738
285,2016-12-01,Utrecht,38,19.0,27.0,0.0,27202822
286,2016-12-01,Zeeland,30,,27.0,0.0,8732228
287,2016-12-01,Zuid-Holland,43,20.0,30.0,0.0,62190626
288,2017-01-01,Drenthe,19,,25.0,0.0,11755668
289,2017-01-01,Flevoland,22,,25.0,0.0,12550586
290,2017-01-01,Friesland,19,18.0,24.0,0.0,14990976
291,2017-01-01,Gelderland,35,21.0,33.0,0.0,43979534
292,2017-01-01,Groningen,30,21.0,36.0,0.0,11936457
293,2017-01-01,Limburg,32,19.0,25.0,0.0,23560147
294,2017-01-01,Noord-Brabant,34,22.0,29.0,0.0,57201144
295,2017-01-01,Noord-Holland,41,21.0,28.0,0.0,47438165
296,2017-01-01,Overijssel,21,21.0,25.0,0.0,25136738
297,2017-01-01,Utrecht,37,20.0,27.0,0.0,27202822
298,2017-01-01,Zeeland,26,,28.0,0.0,8732228
299,2017-01-01,Zuid-Holland,43,19.0,28.0,0.0,62190626
300,2017-02-01,Drenthe,13,,28.0,0.0,11755668
301,2017-02-01,Flevoland,17,,28.0,0.0,12550586
302,2017-02-01,Friesland,14,23.0,27.0,0.0,14990976
303,2017-02-01,Gelderland,28,22.0,34.0,0.0,43979534
304,2017-02-01,Groningen,20,20.0,36.0,0.0,11936457
305,2017-02-01,Limburg,25,18.0,24.0,0.0,23560147
306,2017-02-01,Noord-Brabant,28,22.0,29.0,0.0,57201144
307,2017-02-01,Noord-Holland,32,24.0,30.0,0.0,47438165
308,2017-02-01,Overijssel,17,22.0,29.0,0.0,25136738
309,2017-02-01,Utrecht,29,21.0,28.0,0.0,27202822
310,2017-02-01,Zeeland,22,,27.0,0.0,8732228
311,2017-02-01,Zuid-Holland,36,22.0,30.0,0.0,62190626
312,2017-03-01,Drenthe,11,,15.0,0.0,11755668
313,2017-03-01,Flevoland,15,,16.0,0.0,12550586
314,2017-03-01,Friesland,11,10.0,17.0,0.0,14990976
315,2017-03-01,Gelderland,26,10.0,22.0,0.0,43979534
316,2017-03-01,Groningen,20,11.0,22.0,0.0,11936457
317,2017-03-01,Limburg,21,10.0,18.0,0.0,23560147
318,2017-03-01,Noord-Brabant,25,12.0,20.0,0.0,57201144
319,2017-03-01,Noord-Holland,33,13.0,21.0,0.0,47438165
320,2017-03-01,Overijssel,13,9.0,17.0,0.0,25136738
321,2017-03-01,Utrecht,28,11.0,19.0,0.0,27202822
322,2017-03-01,Zeeland,18,,19.0,0.0,8732228
323,2017-03-01,Zuid-Holland,37,12.0,22.0,0.0,62190626
324,2017-04-01,Drenthe,8,,15.0,0.0,11755668
325,2017-04-01,Flevoland,9,,16.0,0.0,12550586
326,2017-04-01,Friesland,5,7.0,13.0,0.0,14990976
327,2017-04-01,Gelderland,22,11.0,21.0,0.0,43979534
328,2017-04-01,Groningen,13,8.0,17.0,0.0,11936457
329,2017-04-01,Limburg,20,13.0,21.0,0.0,23560147
330,2017-04-01,Noord-Brabant,20,12.0,19.0,0.0,57201144
331,2017-04-01,Noord-Holland,24,10.0,18.0,0.0,47438165
332,2017-04-01,Overijssel,7,10.0,15.0,0.0,25136738
333,2017-04-01,Utrecht,21,9.0,16.0,0.0,27202822
334,2017-04-01,Zeeland,13,,20.0,0.0,8732228
335,2017-04-01,Zuid-Holland,27,11.0,20.0,0.0,62190626
336,2017-05-01,Drenthe,11,,13.0,0.0,11755668
337,2017-05-01,Flevoland,10,,13.0,0.0,12550586
338,2017-05-01,Friesland,7,8.0,14.0,0.0,14990976
339,2017-05-01,Gelderland,20,10.0,18.0,0.0,43979534
340,2017-05-01,Groningen,15,8.0,18.0,0.0,11936457
341,2017-05-01,Limburg,17,9.0,16.0,0.0,23560147
342,2017-05-01,Noord-Brabant,20,10.0,17.0,0.0,57201144
343,2017-05-01,Noord-Holland,24,10.0,17.0,0.0,47438165
344,2017-05-01,Overijssel,8,7.0,15.0,0.0,25136738
345,2017-05-01,Utrecht,18,9.0,15.0,0.0,27202822
346,2017-05-01,Zeeland,15,,16.0,0.0,8732228
347,2017-05-01,Zuid-Holland,26,10.0,17.0,0.0,62190626
348,2017-06-01,Drenthe,9,,14.0,0.0,11755668
349,2017-06-01,Flevoland,8,,13.0,0.0,12550586
350,2017-06-01,Friesland,6,6.0,12.0,0.0,14990976
351,2017-06-01,Gelderland,19,8.0,18.0,0.0,43979534
352,2017-06-01,Groningen,13,6.0,19.0,0.0,11936457
353,2017-06-01,Limburg,16,7.0,18.0,0.0,23560147
354,2017-06-01,Noord-Brabant,16,9.0,18.0,0.0,57201144
355,2017-06-01,Noord-Holland,21,8.0,18.0,0.0,47438165
356,2017-06-01,Overijssel,8,6.0,15.0,0.0,25136738
357,2017-06-01,Utrecht,17,7.0,16.0,0.0,27202822
358,2017-06-01,Zeeland,11,,16.0,0.0,8732228
359,2017-06-01,Zuid-Holland,23,8.0,18.0,0.0,62190626
360,2017-07-01,Drenthe,5,,11.0,0.0,11755668
361,2017-07-01,Flevoland,7,,12.0,0.0,12550586
362,2017-07-01,Friesland,5,3.0,11.0,0.0,14990976
363,2017-07-01,Gelderland,17,7.0,16.0,0.0,43979534
364,2017-07-01,Groningen,12,4.0,18.0,0.0,11936457
365,2017-07-01,Limburg,14,7.0,16.0,0.0,23560147
366,2017-07-01,Noord-Brabant,15,8.0,15.0,0.0,57201144
367,2017-07-01,Noord-Holland,19,7.0,16.0,0.0,47438165
368,2017-07-01,Overijssel,6,5.0,14.0,0.0,25136738
369,2017-07-01,Utrecht,16,6.0,14.0,0.0,27202822
370,2017-07-01,Zeeland,9,,14.0,0.0,8732228
371,2017-07-01,Zuid-Holland,21,7.0,16.0,0.0,62190626
372,2017-08-01,Drenthe,7,,12.0,0.0,11755668
373,2017-08-01,Flevoland,10,,14.0,0.0,12550586
374,2017-08-01,Friesland,6,4.0,12.0,0.0,14990976
375,2017-08-01,Gelderland,19,9.0,18.0,0.0,43979534
376,2017-08-01,Groningen,13,7.0,22.0,0.0,11936457
377,2017-08-01,Limburg,17,9.0,17.0,0.0,23560147
378,2017-08-01,Noord-Brabant,19,10.0,17.0,0.0,57201144
379,2017-08-01,Noord-Holland,24,9.0,18.0,0.0,47438165
380,2017-08-01,Overijssel,8,7.0,14.0,0.0,25136738
381,2017-08-01,Utrecht,20,8.0,15.0,0.0,27202822
382,2017-08-01,Zeeland,12,,17.0,0.0,8732228
383,2017-08-01,Zuid-Holland,27,9.0,18.0,0.0,62190626
384,2017-09-01,Drenthe,8,,11.0,0.0,11755668
385,2017-09-01,Flevoland,12,,13.0,0.0,12550586
386,2017-09-01,Friesland,7,7.0,12.0,0.0,14990976
387,2017-09-01,Gelderland,21,10.0,17.0,0.0,43979534
388,2017-09-01,Groningen,17,9.0,20.0,0.0,11936457
389,2017-09-01,Limburg,17,8.0,15.0,0.0,23560147
390,2017-09-01,Noord-Brabant,20,10.0,17.0,0.0,57201144
391,2017-09-01,Noord-Holland,27,10.0,18.0,0.0,47438165
392,2017-09-01,Overijssel,10,9.0,13.0,0.0,25136738
393,2017-09-01,Utrecht,23,9.0,15.0,0.0,27202822
394,2017-09-01,Zeeland,12,,15.0,0.0,8732228
395,2017-09-01,Zuid-Holland,30,11.0,17.0,0.0,62190626
396,2017-10-01,Drenthe,9,,12.0,0.0,11755668
397,2017-10-01,Flevoland,13,,15.0,0.0,12550586
398,2017-10-01,Friesland,7,6.0,14.0,0.0,14990976
399,2017-10-01,Gelderland,22,8.0,19.0,0.0,43979534
400,2017-10-01,Groningen,16,6.0,21.0,0.0,11936457
401,2017-10-01,Limburg,17,7.0,16.0,0.0,23560147
402,2017-10-01,Noord-Brabant,20,8.0,18.0,0.0,57201144
403,2017-10-01,Noord-Holland,24,8.0,19.0,0.0,47438165
404,2017-10-01,Overijssel,11,7.0,15.0,0.0,25136738
405,2017-10-01,Utrecht,22,7.0,17.0,0.0,27202822
406,2017-10-01,Zeeland,11,,15.0,0.0,8732228
407,2017-10-01,Zuid-Holland,27,9.0,20.0,0.0,62190626
408,2017-11-01,Drenthe,14,,12.0,0.0,11755668
409,2017-11-01,Flevoland,19,,13.0,0.0,12550586
410,2017-11-01,Friesland,11,8.0,13.0,0.0,14990976
411,2017-11-01,Gelderland,29,12.0,19.0,0.0,43979534
412,2017-11-01,Groningen,23,8.0,19.0,0.0,11936457
413,2017-11-01,Limburg,22,12.0,17.0,0.0,23560147
414,2017-11-01,Noord-Brabant,27,13.0,19.0,0.0,57201144
415,2017-11-01,Noord-Holland,33,10.0,19.0,0.0,47438165
416,2017-11-01,Overijssel,16,11.0,16.0,0.0,25136738
417,2017-11-01,Utrecht,31,11.0,17.0,0.0,27202822
418,2017-11-01,Zeeland,15,,15.0,0.0,8732228
419,2017-11-01,Zuid-Holland,35,11.0,20.0,0.0,62190626
420,2017-12-01,Drenthe,12,,9.0,0.0,11755668
421,2017-12-01,Flevoland,18,,11.0,0.0,12550586
422,2017-12-01,Friesland,10,7.0,10.0,0.0,14990976
423,2017-12-01,Gelderland,28,10.0,17.0,0.0,43979534
424,2017-12-01,Groningen,20,8.0,16.0,0.0,11936457
425,2017-12-01,Limburg,21,10.0,14.0,0.0,23560147
426,2017-12-01,Noord-Brabant,25,11.0,16.0,0.0,57201144
427,2017-12-01,Noord-Holland,30,10.0,17.0,0.0,47438165
428,2017-12-01,Overijssel,14,9.0,11.0,0.0,25136738
429,2017-12-01,Utrecht,29,10.0,15.0,0.0,27202822
430,2017-12-01,Zeeland,17,,13.0,0.0,8732228
431,2017-12-01,Zuid-Holland,33,11.0,17.0,0.0,62190626
432,2018-01-01,Drenthe,12,,14.0,0.0,11755668
433,2018-01-01,Flevoland,16,,14.0,0.0,12550586
434,2018-01-01,Friesland,11,9.0,14.0,0.0,14990976
435,2018-01-01,Gelderland,23,11.0,18.0,0.0,43979534
436,2018-01-01,Groningen,21,11.0,23.0,0.0,11936457
437,2018-01-01,Limburg,18,10.0,15.0,0.0,23560147
438,2018-01-01,Noord-Brabant,23,12.0,18.0,0.0,57201144
439,2018-01-01,Noord-Holland,27,12.0,19.0,0.0,47438165
440,2018-01-01,Overijssel,13,10.0,15.0,0.0,25136738
441,2018-01-01,Utrecht,25,11.0,17.0,0.0,27202822
442,2018-01-01,Zeeland,15,,15.0,0.0,8732228
443,2018-01-01,Zuid-Holland,31,12.0,19.0,0.0,62190626
444,2018-02-01,Drenthe,15,,21.0,0.0,11755668
445,2018-02-01,Flevoland,17,,27.0,0.0,12550586
446,2018-02-01,Friesland,13,17.0,21.0,0.0,14990976
447,2018-02-01,Gelderland,28,18.0,28.0,0.0,43979534
448,2018-02-01,Groningen,23,17.0,31.0,0.0,11936457
449,2018-02-01,Limburg,24,18.0,24.0,0.0,23560147
450,2018-02-01,Noord-Brabant,27,18.0,24.0,0.0,57201144
451,2018-02-01,Noord-Holland,31,19.0,26.0,0.0,47438165
452,2018-02-01,Overijssel,16,18.0,23.0,0.0,25136738
453,2018-02-01,Utrecht,27,17.0,24.0,0.0,27202822
454,2018-02-01,Zeeland,20,,21.0,0.0,8732228
455,2018-02-01,Zuid-Holland,33,18.0,25.0,0.0,62190626
456,2018-03-01,Drenthe,11,,17.0,0.0,11755668
457,2018-03-01,Flevoland,14,,22.0,0.0,12550586
458,2018-03-01,Friesland,10,17.0,23.0,0.0,14990976
459,2018-03-01,Gelderland,22,16.0,25.0,0.0,43979534
460,2018-03-01,Groningen,19,17.0,31.0,0.0,11936457
461,2018-03-01,Limburg,19,15.0,20.0,0.0,23560147
462,2018-03-01,Noord-Brabant,24,16.0,23.0,0.0,57201144
463,2018-03-01,Noord-Holland,31,19.0,27.0,0.0,47438165
464,2018-03-01,Overijssel,12,15.0,22.0,0.0,25136738
465,2018-03-01,Utrecht,25,16.0,23.0,0.0,27202822
466,2018-03-01,Zeeland,18,,20.0,0.0,8732228
467,2018-03-01,Zuid-Holland,34,18.0,25.0,0.0,62190626
468,2018-04-01,Drenthe,11,,20.0,0.0,11755668
469,2018-04-01,Flevoland,13,,22.0,0.0,12550586
470,2018-04-01,Friesland,8,16.0,24.0,0.0,14990976
471,2018-04-01,Gelderland,22,16.0,27.0,0.0,43979534
472,2018-04-01,Groningen,17,16.0,29.0,0.0,11936457
473,2018-04-01,Limburg,18,14.0,23.0,0.0,23560147
474,2018-04-01,Noord-Brabant,22,17.0,25.0,0.0,57201144
475,2018-04-01,Noord-Holland,30,19.0,28.0,0.0,47438165
476,2018-04-01,Overijssel,10,15.0,23.0,0.0,25136738
477,2018-04-01,Utrecht,24,17.0,26.0,0.0,27202822
478,2018-04-01,Zeeland,18,,24.0,0.0,8732228
479,2018-04-01,Zuid-Holland,31,18.0,26.0,0.0,62190626
480,2018-05-01,Drenthe,10,,19.0,0.0,11755668
481,2018-05-01,Flevoland,11,,21.0,0.0,12550586
482,2018-05-01,Friesland,7,11.0,21.0,0.0,14990976
483,2018-05-01,Gelderland,20,13.0,24.0,0.0,43979534
484,2018-05-01,Groningen,15,12.0,22.0,0.0,11936457
485,2018-05-01,Limburg,16,13.0,24.0,0.0,23560147
486,2018-05-01,Noord-Brabant,19,15.0,24.0,0.0,57201144
487,2018-05-01,Noord-Holland,24,16.0,26.0,0.0,47438165
488,2018-05-01,Overijssel,8,10.0,21.0,0.0,25136738
489,2018-05-01,Utrecht,17,13.0,24.0,0.0,27202822
490,2018-05-01,Zeeland,18,,29.0,0.0,8732228
491,2018-05-01,Zuid-Holland,24,17.0,26.0,0.0,62190626
492,2018-06-01,Drenthe,7,,15.0,0.0,11755668
493,2018-06-01,Flevoland,9,,16.0,0.0,12550586
494,2018-06-01,Friesland,6,7.0,15.0,0.0,14990976
495,2018-06-01,Gelderland,17,11.0,21.0,0.0,43979534
496,2018-06-01,Groningen,12,8.0,19.0,0.0,11936457
497,2018-06-01,Limburg,14,11.0,22.0,0.0,23560147
498,2018-06-01,Noord-Brabant,15,11.0,20.0,0.0,57201144
499,2018-06-01,Noord-Holland,18,10.0,20.0,0.0,47438165
500,2018-06-01,Overijssel,6,9.0,17.0,0.0,25136738
501,2018-06-01,Utrecht,14,9.0,18.0,0.0,27202822
502,2018-06-01,Zeeland,11,,23.0,0.0,8732228
503,2018-06-01,Zuid-Holland,18,10.0,20.0,0.0,62190626
504,2018-07-01,Drenthe,8,,13.0,0.0,11755668
505,2018-07-01,Flevoland,10,,13.0,0.0,12550586
506,2018-07-01,Friesland,5,4.0,14.0,0.0,14990976
507,2018-07-01,Gelderland,18,8.0,19.0,0.0,43979534
508,2018-07-01,Groningen,12,5.0,15.0,0.0,11936457
509,2018-07-01,Limburg,16,9.0,23.0,0.0,23560147
510,2018-07-01,Noord-Brabant,17,8.0,19.0,0.0,57201144
511,2018-07-01,Noord-Holland,20,8.0,19.0,0.0,47438165
512,2018-07-01,Overijssel,7,6.0,14.0,0.0,25136738
513,2018-07-01,Utrecht,15,6.0,16.0,0.0,27202822
514,2018-07-01,Zeeland,14,,17.0,0.0,8732228
515,2018-07-01,Zuid-Holland,19,7.0,18.0,0.0,62190626
516,2018-08-01,Drenthe,10,,12.0,0.0,11755668
517,2018-08-01,Flevoland,10,,13.0,0.0,12550586
518,2018-08-01,Friesland,7,4.0,13.0,0.0,14990976
519,2018-08-01,Gelderland,19,8.0,17.0,0.0,43979534
520,2018-08-01,Groningen,14,5.0,14.0,0.0,11936457
521,2018-08-01,Limburg,17,8.0,19.0,0.0,23560147
522,2018-08-01,Noord-Brabant,18,8.0,15.0,0.0,57201144
523,2018-08-01,Noord-Holland,23,7.0,16.0,0.0,47438165
524,2018-08-01,Overijssel,10,6.0,13.0,0.0,25136738
525,2018-08-01,Utrecht,19,7.0,14.0,0.0,27202822
526,2018-08-01,Zeeland,12,,13.0,0.0,8732228
527,2018-08-01,Zuid-Holland,23,7.0,15.0,0.0,62190626
528,2018-09-01,Drenthe,10,,13.0,0.0,11755668
529,2018-09-01,Flevoland,12,,15.0,0.0,12550586
530,2018-09-01,Friesland,8,5.0,13.0,0.0,14990976
531,2018-09-01,Gelderland,23,9.0,18.0,0.0,43979534
532,2018-09-01,Groningen,17,6.0,18.0,0.0,11936457
533,2018-09-01,Limburg,20,9.0,19.0,0.0,23560147
534,2018-09-01,Noord-Brabant,21,9.0,18.0,0.0,57201144
535,2018-09-01,Noord-Holland,26,8.0,18.0,0.0,47438165
536,2018-09-01,Overijssel,11,6.0,13.0,0.0,25136738
537,2018-09-01,Utrecht,23,8.0,16.0,0.0,27202822
538,2018-09-01,Zeeland,13,,15.0,0.0,8732228
539,2018-09-01,Zuid-Holland,27,8.0,17.0,0.0,62190626
540,2018-10-01,Drenthe,11,,15.0,0.0,11755668
541,2018-10-01,Flevoland,14,,17.0,0.0,12550586
542,2018-10-01,Friesland,10,8.0,16.0,0.0,14990976
543,2018-10-01,Gelderland,26,11.0,20.0,0.0,43979534
544,2018-10-01,Groningen,20,8.0,25.0,0.0,11936457
545,2018-10-01,Limburg,22,12.0,21.0,0.0,23560147
546,2018-10-01,Noord-Brabant,24,10.0,19.0,0.0,57201144
547,2018-10-01,Noord-Holland,30,10.0,19.0,0.0,47438165
548,2018-10-01,Overijssel,13,8.0,15.0,0.0,25136738
549,2018-10-01,Utrecht,26,9.0,18.0,0.0,27202822
550,2018-10-01,Zeeland,16,,16.0,0.0,8732228
551,2018-10-01,Zuid-Holland,32,11.0,20.0,0.0,62190626
552,2018-11-01,Drenthe,15,,18.0,0.0,11755668
553,2018-11-01,Flevoland,19,,18.0,0.0,12550586
554,2018-11-01,Friesland,16,14.0,19.0,0.0,14990976
555,2018-11-01,Gelderland,26,15.0,21.0,0.0,43979534
556,2018-11-01,Groningen,23,14.0,26.0,0.0,11936457
557,2018-11-01,Limburg,24,14.0,19.0,0.0,23560147
558,2018-11-01,Noord-Brabant,26,15.0,21.0,0.0,57201144
559,2018-11-01,Noord-Holland,32,17.0,22.0,0.0,47438165
560,2018-11-01,Overijssel,18,12.0,19.0,0.0,25136738
561,2018-11-01,Utrecht,27,15.0,21.0,0.0,27202822
562,2018-11-01,Zeeland,22,,21.0,0.0,8732228
563,2018-11-01,Zuid-Holland,32,17.0,22.0,0.0,62190626
564,2018-12-01,Drenthe,13,,13.0,0.0,11755668
565,2018-12-01,Flevoland,17,,15.0,0.0,12550586
566,2018-12-01,Friesland,13,8.0,14.0,0.0,14990976
567,2018-12-01,Gelderland,23,12.0,18.0,0.0,43979534
568,2018-12-01,Groningen,20,9.0,22.0,0.0,11936457
569,2018-12-01,Limburg,20,11.0,16.0,0.0,23560147
570,2018-12-01,Noord-Brabant,24,12.0,19.0,0.0,57201144
571,2018-12-01,Noord-Holland,30,12.0,19.0,0.0,47438165
572,2018-12-01,Overijssel,15,10.0,15.0,0.0,25136738
573,2018-12-01,Utrecht,26,11.0,18.0,0.0,27202822
574,2018-12-01,Zeeland,16,,18.0,0.0,8732228
575,2018-12-01,Zuid-Holland,31,12.0,20.0,0.0,62190626
576,2019-01-01,Drenthe,12,,19.0,0.0,11755668
577,2019-01-01,Flevoland,16,,18.0,0.0,12550586
578,2019-01-01,Friesland,11,12.0,19.0,0.0,14990976
579,2019-01-01,Gelderland,25,15.0,22.0,0.0,43979534
580,2019-01-01,Groningen,21,12.0,28.0,0.0,11936457
581,2019-01-01,Limburg,22,15.0,20.0,0.0,23560147
582,2019-01-01,Noord-Brabant,26,14.0,22.0,0.0,57201144
583,2019-01-01,Noord-Holland,29,13.0,21.0,0.0,47438165
584,2019-01-01,Overijssel,14,13.0,19.0,0.0,25136738
585,2019-01-01,Utrecht,27,14.0,21.0,0.0,27202822
586,2019-01-01,Zeeland,17,,19.0,0.0,8732228
587,2019-01-01,Zuid-Holland,32,14.0,23.0,0.0,62190626
588,2019-02-01,Drenthe,18,,22.0,0.0,11755668
589,2019-02-01,Flevoland,23,,24.0,0.0,12550586
590,2019-02-01,Friesland,19,18.0,26.0,0.0,14990976
591,2019-02-01,Gelderland,33,18.0,27.0,0.0,43979534
592,2019-02-01,Groningen,29,18.0,33.0,0.0,11936457
593,2019-02-01,Limburg,27,15.0,22.0,0.0,23560147
594,2019-02-01,Noord-Brabant,33,18.0,26.0,0.0,57201144
595,2019-02-01,Noord-Holland,42,20.0,28.0,0.0,47438165
596,2019-02-01,Overijssel,21,16.0,25.0,0.0,25136738
597,2019-02-01,Utrecht,36,18.0,25.0,0.0,27202822
598,2019-02-01,Zeeland,25,,26.0,0.0,8732228
599,2019-02-01,Zuid-Holland,43,19.0,28.0,0.0,62190626
600,2019-03-01,Drenthe,7,,15.0,0.0,11755668
601,2019-03-01,Flevoland,10,,18.0,0.0,12550586
602,2019-03-01,Friesland,7,8.0,17.0,0.0,14990976
603,2019-03-01,Gelderland,19,12.0,20.0,0.0,43979534
604,2019-03-01,Groningen,14,8.0,23.0,0.0,11936457
605,2019-03-01,Limburg,16,11.0,18.0,0.0,23560147
606,2019-03-01,Noord-Brabant,19,12.0,20.0,0.0,57201144
607,2019-03-01,Noord-Holland,24,13.0,22.0,0.0,47438165
608,2019-03-01,Overijssel,9,9.0,18.0,0.0,25136738
609,2019-03-01,Utrecht,19,12.0,19.0,0.0,27202822
610,2019-03-01,Zeeland,13,,22.0,0.0,8732228
611,2019-03-01,Zuid-Holland,27,14.0,24.0,0.0,62190626
612,2019-04-01,Drenthe,10,,24.0,0.0,11755668
613,2019-04-01,Flevoland,9,,21.0,0.0,12550586
614,2019-04-01,Friesland,7,13.0,21.0,0.0,14990976
615,2019-04-01,Gelderland,19,14.0,23.0,0.0,43979534
616,2019-04-01,Groningen,15,13.0,27.0,0.0,11936457
617,2019-04-01,Limburg,17,16.0,25.0,0.0,23560147
618,2019-04-01,Noord-Brabant,20,16.0,25.0,0.0,57201144
619,2019-04-01,Noord-Holland,22,16.0,24.0,0.0,47438165
620,2019-04-01,Overijssel,9,13.0,22.0,0.0,25136738
621,2019-04-01,Utrecht,15,14.0,21.0,0.0,27202822
622,2019-04-01,Zeeland,18,,29.0,0.0,8732228
623,2019-04-01,Zuid-Holland,24,17.0,25.0,0.0,62190626
624,2019-05-01,Drenthe,9,,15.0,0.0,11755668
625,2019-05-01,Flevoland,8,,13.0,0.0,12550586
626,2019-05-01,Friesland,6,7.0,13.0,0.0,14990976
627,2019-05-01,Gelderland,18,10.0,17.0,0.0,43979534
628,2019-05-01,Groningen,15,6.0,19.0,0.0,11936457
629,2019-05-01,Limburg,14,11.0,17.0,0.0,23560147
630,2019-05-01,Noord-Brabant,16,10.0,16.0,0.0,57201144
631,2019-05-01,Noord-Holland,19,9.0,16.0,0.0,47438165
632,2019-05-01,Overijssel,7,7.0,14.0,0.0,25136738
633,2019-05-01,Utrecht,16,9.0,14.0,0.0,27202822
634,2019-05-01,Zeeland,11,,17.0,0.0,8732228
635,2019-05-01,Zuid-Holland,21,10.0,17.0,0.0,62190626
636,2019-06-01,Drenthe,9,,17.0,0.0,11755668
637,2019-06-01,Flevoland,7,,15.0,0.0,12550586
638,2019-06-01,Friesland,6,6.0,13.0,0.0,14990976
639,2019-06-01,Gelderland,16,9.0,18.0,0.0,43979534
640,2019-06-01,Groningen,17,6.0,19.0,0.0,11936457
641,2019-06-01,Limburg,12,9.0,17.0,0.0,23560147
642,2019-06-01,Noord-Brabant,15,9.0,16.0,0.0,57201144
643,2019-06-01,Noord-Holland,20,9.0,17.0,0.0,47438165
644,2019-06-01,Overijssel,8,8.0,15.0,0.0,25136738
645,2019-06-01,Utrecht,15,8.0,15.0,0.0,27202822
646,2019-06-01,Zeeland,12,,15.0,0.0,8732228
647,2019-06-01,Zuid-Holland,22,9.0,18.0,0.0,62190626
648,2019-07-01,Drenthe,7,,15.0,0.0,11755668
649,2019-07-01,Flevoland,8,,15.0,0.0,12550586
650,2019-07-01,Friesland,6,5.0,14.0,0.0,14990976
651,2019-07-01,Gelderland,17,8.0,18.0,0.0,43979534
652,2019-07-01,Groningen,12,5.0,18.0,0.0,11936457
653,2019-07-01,Limburg,14,8.0,18.0,0.0,23560147
654,2019-07-01,Noord-Brabant,15,8.0,17.0,0.0,57201144
655,2019-07-01,Noord-Holland,19,9.0,17.0,0.0,47438165
656,2019-07-01,Overijssel,8,6.0,14.0,0.0,25136738
657,2019-07-01,Utrecht,15,7.0,16.0,0.0,27202822
658,2019-07-01,Zeeland,10,,14.0,0.0,8732228
659,2019-07-01,Zuid-Holland,21,8.0,18.0,0.0,62190626
660,2019-08-01,Drenthe,9,,16.0,0.0,11755668
661,2019-08-01,Flevoland,8,,17.0,0.0,12550586
662,2019-08-01,Friesland,7,7.0,16.0,0.0,14990976
663,2019-08-01,Gelderland,19,10.0,19.0,0.0,43979534
664,2019-08-01,Groningen,14,8.0,21.0,0.0,11936457
665,2019-08-01,Limburg,14,9.0,17.0,0.0,23560147
666,2019-08-01,Noord-Brabant,17,10.0,19.0,0.0,57201144
667,2019-08-01,Noord-Holland,22,11.0,20.0,0.0,47438165
668,2019-08-01,Overijssel,10,8.0,16.0,0.0,25136738
669,2019-08-01,Utrecht,17,9.0,17.0,0.0,27202822
670,2019-08-01,Zeeland,11,,16.0,0.0,8732228
671,2019-08-01,Zuid-Holland,22,10.0,20.0,0.0,62190626
672,2019-09-01,Drenthe,8,,11.0,0.0,11755668
673,2019-09-01,Flevoland,9,,12.0,0.0,12550586
674,2019-09-01,Friesland,6,3.0,12.0,0.0,14990976
675,2019-09-01,Gelderland,19,6.0,15.0,0.0,43979534
676,2019-09-01,Groningen,15,4.0,18.0,0.0,11936457
677,2019-09-01,Limburg,14,6.0,14.0,0.0,23560147
678,2019-09-01,Noord-Brabant,17,6.0,14.0,0.0,57201144
679,2019-09-01,Noord-Holland,22,6.0,15.0,0.0,47438165
680,2019-09-01,Overijssel,8,4.0,11.0,0.0,25136738
681,2019-09-01,Utrecht,18,5.0,13.0,0.0,27202822
682,2019-09-01,Zeeland,10,,12.0,0.0,8732228
683,2019-09-01,Zuid-Holland,22,6.0,15.0,0.0,62190626
684,2019-10-01,Drenthe,9,,10.0,0.0,11755668
685,2019-10-01,Flevoland,11,,12.0,0.0,12550586
686,2019-10-01,Friesland,8,5.0,11.0,0.0,14990976
687,2019-10-01,Gelderland,18,7.0,15.0,0.0,43979534
688,2019-10-01,Groningen,17,5.0,18.0,0.0,11936457
689,2019-10-01,Limburg,15,6.0,13.0,0.0,23560147
690,2019-10-01,Noord-Brabant,19,7.0,14.0,0.0,57201144
691,2019-10-01,Noord-Holland,24,8.0,15.0,0.0,47438165
692,2019-10-01,Overijssel,9,5.0,11.0,0.0,25136738
693,2019-10-01,Utrecht,20,7.0,12.0,0.0,27202822
694,2019-10-01,Zeeland,13,,12.0,0.0,8732228
695,2019-10-01,Zuid-Holland,26,8.0,15.0,0.0,62190626
696,2019-11-01,Drenthe,14,,13.0,0.0,11755668
697,2019-11-01,Flevoland,16,,14.0,0.0,12550586
698,2019-11-01,Friesland,13,9.0,14.0,0.0,14990976
699,2019-11-01,Gelderland,25,11.0,17.0,0.0,43979534
700,2019-11-01,Groningen,22,10.0,22.0,0.0,11936457
701,2019-11-01,Limburg,20,10.0,14.0,0.0,23560147
702,2019-11-01,Noord-Brabant,25,11.0,17.0,0.0,57201144
703,2019-11-01,Noord-Holland,32,12.0,18.0,0.0,47438165
704,2019-11-01,Overijssel,15,10.0,15.0,0.0,25136738
705,2019-11-01,Utrecht,26,11.0,15.0,0.0,27202822
706,2019-11-01,Zeeland,17,,13.0,0.0,8732228
707,2019-11-01,Zuid-Holland,33,11.0,17.0,0.0,62190626
708,2019-12-01,Drenthe,14,,13.0,0.0,11755668
709,2019-12-01,Flevoland,18,,15.0,0.0,12550586
710,2019-12-01,Friesland,13,8.0,13.0,0.0,14990976
711,2019-12-01,Gelderland,24,11.0,17.0,0.0,43979534
712,2019-12-01,Groningen,23,9.0,22.0,0.0,11936457
713,2019-12-01,Limburg,19,10.0,15.0,0.0,23560147
714,2019-12-01,Noord-Brabant,24,12.0,18.0,0.0,57201144
715,2019-12-01,Noord-Holland,30,12.0,19.0,0.0,47438165
716,2019-12-01,Overijssel,15,9.0,14.0,0.0,25136738
717,2019-12-01,Utrecht,26,11.0,17.0,0.0,27202822
718,2019-12-01,Zeeland,18,,17.0,0.0,8732228
719,2019-12-01,Zuid-Holland,31,13.0,20.0,0.0,62190626
720,2020-01-01,Drenthe,13,,13.0,0.0,11755668
721,2020-01-01,Flevoland,17,,16.0,0.0,12550586
722,2020-01-01,Friesland,12,9.0,16.0,0.0,14990976
723,2020-01-01,Gelderland,22,13.0,19.0,0.0,43979534
724,2020-01-01,Groningen,20,9.0,23.0,0.0,11936457
725,2020-01-01,Limburg,19,13.0,17.0,0.0320382586752518,23560147
726,2020-01-01,Noord-Brabant,23,12.0,18.0,0.0,57201144
727,2020-01-01,Noord-Holland,29,13.0,21.0,11.50932783269988,47438165
728,2020-01-01,Overijssel,15,11.0,15.0,0.0,25136738
729,2020-01-01,Utrecht,25,13.0,19.0,5.308661855618235,27202822
730,2020-01-01,Zeeland,16,,16.0,0.0,8732228
731,2020-01-01,Zuid-Holland,30,15.0,22.0,76.20741894751164,62190626
732,2020-02-01,Drenthe,7,,12.0,0.0,11755668
733,2020-02-01,Flevoland,9,,14.0,0.0,12550586
734,2020-02-01,Friesland,6,6.0,13.0,0.0,14990976
735,2020-02-01,Gelderland,17,7.0,16.0,0.0,43979534
736,2020-02-01,Groningen,14,4.0,20.0,0.0,11936457
737,2020-02-01,Limburg,13,8.0,14.0,0.0320382586752518,23560147
738,2020-02-01,Noord-Brabant,15,7.0,15.0,0.0,57201144
739,2020-02-01,Noord-Holland,19,9.0,18.0,11.50932783269988,47438165
740,2020-02-01,Overijssel,8,6.0,13.0,0.0,25136738
741,2020-02-01,Utrecht,17,8.0,16.0,5.308661855618235,27202822
742,2020-02-01,Zeeland,8,,15.0,0.0,8732228
743,2020-02-01,Zuid-Holland,23,8.0,20.0,76.20741894751164,62190626
744,2020-03-01,Drenthe,7,,12.0,0.0,11755668
745,2020-03-01,Flevoland,8,,14.0,0.0,12550586
746,2020-03-01,Friesland,6,7.0,14.0,0.0,14990976
747,2020-03-01,Gelderland,16,10.0,17.0,0.0,43979534
748,2020-03-01,Groningen,13,7.0,20.0,0.0,11936457
749,2020-03-01,Limburg,13,11.0,18.0,0.0320382586752518,23560147
750,2020-03-01,Noord-Brabant,16,10.0,17.0,0.0,57201144
751,2020-03-01,Noord-Holland,18,10.0,18.0,11.50932783269988,47438165
752,2020-03-01,Overijssel,7,8.0,15.0,0.0,25136738
753,2020-03-01,Utrecht,15,9.0,15.0,5.308661855618235,27202822
754,2020-03-01,Zeeland,10,,14.0,0.0,8732228
755,2020-03-01,Zuid-Holland,21,10.0,18.0,76.20741894751164,62190626
756,2020-04-01,Drenthe,8,,19.0,0.0,11755668
757,2020-04-01,Flevoland,8,,19.0,0.0,12550586
758,2020-04-01,Friesland,6,7.0,16.0,0.0,14990976
759,2020-04-01,Gelderland,16,11.0,24.0,0.0,43979534
760,2020-04-01,Groningen,11,7.0,20.0,0.0,11936457
761,2020-04-01,Limburg,15,14.0,28.0,0.0320382586752518,23560147
762,2020-04-01,Noord-Brabant,17,13.0,25.0,0.0,57201144
763,2020-04-01,Noord-Holland,18,11.0,22.0,11.50932783269988,47438165
764,2020-04-01,Overijssel,6,9.0,19.0,0.0,25136738
765,2020-04-01,Utrecht,13,10.0,18.0,5.308661855618235,27202822
766,2020-04-01,Zeeland,17,,23.0,0.0,8732228
767,2020-04-01,Zuid-Holland,21,12.0,23.0,76.20741894751164,62190626
768,2020-05-01,Drenthe,9,,17.0,0.0,11755668
769,2020-05-01,Flevoland,9,,14.0,0.0,12550586
770,2020-05-01,Friesland,6,6.0,14.0,0.0,14990976
771,2020-05-01,Gelderland,15,9.0,18.0,0.0,43979534
772,2020-05-01,Groningen,10,5.0,17.0,0.0,11936457
773,2020-05-01,Limburg,12,10.0,19.0,0.0320382586752518,23560147
774,2020-05-01,Noord-Brabant,14,9.0,18.0,0.0,57201144
775,2020-05-01,Noord-Holland,15,9.0,17.0,11.50932783269988,47438165
776,2020-05-01,Overijssel,6,6.0,14.0,0.0,25136738
777,2020-05-01,Utrecht,12,8.0,15.0,5.308661855618235,27202822
778,2020-05-01,Zeeland,12,,15.0,0.0,8732228
779,2020-05-01,Zuid-Holland,18,9.0,18.0,76.20741894751164,62190626
780,2020-06-01,Drenthe,8,,13.0,0.0,11755668
781,2020-06-01,Flevoland,6,,14.0,0.0,12550586
782,2020-06-01,Friesland,6,6.0,13.0,0.0,14990976
783,2020-06-01,Gelderland,15,8.0,16.0,0.0,43979534
784,2020-06-01,Groningen,11,5.0,19.0,0.0,11936457
785,2020-06-01,Limburg,11,8.0,16.0,0.0320382586752518,23560147
786,2020-06-01,Noord-Brabant,14,8.0,16.0,0.0,57201144
787,2020-06-01,Noord-Holland,16,8.0,16.0,11.50932783269988,47438165
788,2020-06-01,Overijssel,7,6.0,13.0,0.0,25136738
789,2020-06-01,Utrecht,13,7.0,14.0,5.308661855618235,27202822
790,2020-06-01,Zeeland,10,,14.0,0.0,8732228
791,2020-06-01,Zuid-Holland,18,7.0,17.0,76.20741894751164,62190626
792,2020-07-01,Drenthe,5,,10.0,0.0,11755668
793,2020-07-01,Flevoland,6,,10.0,0.0,12550586
794,2020-07-01,Friesland,4,3.0,10.0,0.0,14990976
795,2020-07-01,Gelderland,14,6.0,13.0,0.0,43979534
796,2020-07-01,Groningen,10,4.0,14.0,0.0,11936457
797,2020-07-01,Limburg,11,7.0,14.0,0.0320382586752518,23560147
798,2020-07-01,Noord-Brabant,12,5.0,12.0,0.0,57201144
799,2020-07-01,Noord-Holland,14,6.0,13.0,11.50932783269988,47438165
800,2020-07-01,Overijssel,6,4.0,9.0,0.0,25136738
801,2020-07-01,Utrecht,13,5.0,11.0,5.308661855618235,27202822
802,2020-07-01,Zeeland,7,,12.0,0.0,8732228
803,2020-07-01,Zuid-Holland,17,5.0,13.0,76.20741894751164,62190626
804,2020-08-01,Drenthe,8,,15.0,0.0,11755668
805,2020-08-01,Flevoland,7,,16.0,0.0,12550586
806,2020-08-01,Friesland,6,6.0,15.0,0.0,14990976
807,2020-08-01,Gelderland,16,9.0,17.0,0.0,43979534
808,2020-08-01,Groningen,12,8.0,22.0,0.0,11936457
809,2020-08-01,Limburg,13,8.0,17.0,0.0320382586752518,23560147
810,2020-08-01,Noord-Brabant,14,9.0,18.0,0.0,57201144
811,2020-08-01,Noord-Holland,18,11.0,18.0,11.50932783269988,47438165
812,2020-08-01,Overijssel,8,7.0,16.0,0.0,25136738
813,2020-08-01,Utrecht,15,8.0,17.0,5.308661855618235,27202822
814,2020-08-01,Zeeland,11,,17.0,0.0,8732228
815,2020-08-01,Zuid-Holland,21,10.0,20.0,76.20741894751164,62190626
816,2020-09-01,Drenthe,8,,13.0,0.0,11755668
817,2020-09-01,Flevoland,9,,15.0,0.0,12550586
818,2020-09-01,Friesland,7,6.0,13.0,0.0,14990976
819,2020-09-01,Gelderland,21,10.0,18.0,0.0,43979534
820,2020-09-01,Groningen,16,9.0,19.0,0.0,11936457
821,2020-09-01,Limburg,18,9.0,19.0,0.0320382586752518,23560147
822,2020-09-01,Noord-Brabant,19,9.0,19.0,0.0,57201144
823,2020-09-01,Noord-Holland,22,10.0,18.0,11.50932783269988,47438165
824,2020-09-01,Overijssel,10,7.0,13.0,0.0,25136738
825,2020-09-01,Utrecht,19,9.0,15.0,5.308661855618235,27202822
826,2020-09-01,Zeeland,12,,14.0,0.0,8732228
827,2020-09-01,Zuid-Holland,26,9.0,19.0,76.20741894751164,62190626
828,2020-10-01,Drenthe,7,,9.0,0.0,11755668
829,2020-10-01,Flevoland,10,,10.0,0.0,12550586
830,2020-10-01,Friesland,7,4.0,9.0,0.0,14990976
831,2020-10-01,Gelderland,15,6.0,13.0,0.0,43979534
832,2020-10-01,Groningen,14,5.0,15.0,0.0,11936457
833,2020-10-01,Limburg,13,6.0,12.0,0.0320382586752518,23560147
834,2020-10-01,Noord-Brabant,16,7.0,13.0,0.0,57201144
835,2020-10-01,Noord-Holland,21,7.0,12.0,11.50932783269988,47438165
836,2020-10-01,Overijssel,8,5.0,10.0,0.0,25136738
837,2020-10-01,Utrecht,16,6.0,11.0,5.308661855618235,27202822
838,2020-10-01,Zeeland,10,,10.0,0.0,8732228
839,2020-10-01,Zuid-Holland,22,6.0,13.0,76.20741894751164,62190626
840,2020-11-01,Drenthe,11,,15.0,0.0,11755668
841,2020-11-01,Flevoland,16,,17.0,0.0,12550586
842,2020-11-01,Friesland,11,9.0,16.0,0.0,14990976
843,2020-11-01,Gelderland,22,14.0,22.0,0.0,43979534
844,2020-11-01,Groningen,18,11.0,23.0,0.0,11936457
845,2020-11-01,Limburg,19,11.0,18.0,0.0320382586752518,23560147
846,2020-11-01,Noord-Brabant,22,14.0,21.0,0.0,57201144
847,2020-11-01,Noord-Holland,27,13.0,20.0,114.42858574801116,47438165
848,2020-11-01,Overijssel,14,12.0,17.0,0.0,25136738
849,2020-11-01,Utrecht,23,13.0,19.0,5.308661855618235,27202822
850,2020-11-01,Zeeland,16,,22.0,0.0,8732228
851,2020-11-01,Zuid-Holland,30,13.0,22.0,76.20741894751164,62190626
852,2020-12-01,Drenthe,13,,13.0,0.0,11755668
853,2020-12-01,Flevoland,15,,13.0,0.0,12550586
854,2020-12-01,Friesland,14,10.0,13.0,0.0,14990976
855,2020-12-01,Gelderland,21,11.0,15.0,1.1377879145111909,43979534
856,2020-12-01,Groningen,19,11.0,19.0,0.0,11936457
857,2020-12-01,Limburg,18,8.0,12.0,0.0320382586752518,23560147
858,2020-12-01,Noord-Brabant,20,11.0,14.0,0.0,57201144
859,2020-12-01,Noord-Holland,27,11.0,15.0,114.42858574801116,47438165
860,2020-12-01,Overijssel,15,10.0,13.0,0.0,25136738
861,2020-12-01,Utrecht,22,11.0,13.0,5.308661855618235,27202822
862,2020-12-01,Zeeland,14,,13.0,0.0,8732228
863,2020-12-01,Zuid-Holland,28,10.0,16.0,76.20741894751164,62190626
864,2021-01-01,Drenthe,9,,12.0,0.0,11755668
865,2021-01-01,Flevoland,13,,12.0,0.0,12550586
866,2021-01-01,Friesland,9,6.0,10.0,0.0,14990976
867,2021-01-01,Gelderland,20,12.0,17.0,1.1377879145111909,43979534
868,2021-01-01,Groningen,16,7.0,15.0,0.0,11936457
869,2021-01-01,Limburg,19,11.0,14.0,0.0320382586752518,23560147
870,2021-01-01,Noord-Brabant,20,11.0,15.0,0.0,57201144
871,2021-01-01,Noord-Holland,23,10.0,15.0,114.42858574801116,47438165
872,2021-01-01,Overijssel,11,10.0,13.0,0.0,25136738
873,2021-01-01,Utrecht,21,10.0,14.0,5.308661855618235,27202822
874,2021-01-01,Zeeland,13,,14.0,0.0,8732228
875,2021-01-01,Zuid-Holland,25,9.0,16.0,76.20741894751164,62190626
876,2021-02-01,Drenthe,10,,17.0,0.0,11755668
877,2021-02-01,Flevoland,12,,18.0,0.0,12550586
878,2021-02-01,Friesland,10,10.0,16.0,0.0,14990976
879,2021-02-01,Gelderland,20,13.0,23.0,1.1377879145111909,43979534
880,2021-02-01,Groningen,17,9.0,22.0,0.0,11936457
881,2021-02-01,Limburg,17,12.0,20.0,0.0320382586752518,23560147
882,2021-02-01,Noord-Brabant,20,12.0,21.0,0.0,57201144
883,2021-02-01,Noord-Holland,26,13.0,21.0,114.42858574801116,47438165
884,2021-02-01,Overijssel,12,11.0,19.0,0.0,25136738
885,2021-02-01,Utrecht,20,12.0,19.0,5.308661855618235,27202822
886,2021-02-01,Zeeland,17,,21.0,0.0,8732228
887,2021-02-01,Zuid-Holland,28,13.0,22.0,76.20741894751164,62190626
888,2021-03-01,Drenthe,7,,15.0,0.0,11755668
889,2021-03-01,Flevoland,10,,18.0,0.0,12550586
890,2021-03-01,Friesland,7,9.0,17.0,0.0,14990976
891,2021-03-01,Gelderland,20,14.0,24.0,1.1377879145111909,43979534
892,2021-03-01,Groningen,13,9.0,21.0,0.0,11936457
893,2021-03-01,Limburg,18,13.0,21.0,0.0320382586752518,23560147
894,2021-03-01,Noord-Brabant,19,13.0,22.0,0.0,57201144
895,2021-03-01,Noord-Holland,22,13.0,21.0,114.42858574801116,47438165
896,2021-03-01,Overijssel,8,10.0,19.0,0.0,25136738
897,2021-03-01,Utrecht,19,13.0,21.0,5.308661855618235,27202822
898,2021-03-01,Zeeland,15,,22.0,0.0,8732228
899,2021-03-01,Zuid-Holland,26,14.0,24.0,76.20741894751164,62190626
900,2021-04-01,Drenthe,6,,13.0,0.0,11755668
901,2021-04-01,Flevoland,8,,15.0,0.0,12550586
902,2021-04-01,Friesland,4,6.0,14.0,0.0,14990976
903,2021-04-01,Gelderland,17,9.0,19.0,1.1377879145111909,43979534
904,2021-04-01,Groningen,10,6.0,18.0,0.0,11936457
905,2021-04-01,Limburg,14,12.0,21.0,0.0320382586752518,23560147
906,2021-04-01,Noord-Brabant,15,9.0,18.0,0.0,57201144
907,2021-04-01,Noord-Holland,16,9.0,17.0,114.42858574801116,47438165
908,2021-04-01,Overijssel,5,7.0,16.0,0.0,25136738
909,2021-04-01,Utrecht,12,8.0,15.0,5.308661855618235,27202822
910,2021-04-01,Zeeland,13,,18.0,0.0,8732228
911,2021-04-01,Zuid-Holland,18,9.0,19.0,76.20741894751164,62190626
912,2021-05-01,Drenthe,5,,8.0,0.0,11755668
913,2021-05-01,Flevoland,7,,11.0,0.0,12550586
914,2021-05-01,Friesland,4,5.0,10.0,0.0,14990976
915,2021-05-01,Gelderland,14,7.0,14.0,1.1377879145111909,43979534
916,2021-05-01,Groningen,9,5.0,13.0,0.0,11936457
917,2021-05-01,Limburg,10,7.0,13.0,0.0320382586752518,23560147
918,2021-05-01,Noord-Brabant,13,7.0,13.0,0.0,57201144
919,2021-05-01,Noord-Holland,15,8.0,14.0,114.42858574801116,47438165
920,2021-05-01,Overijssel,5,4.0,10.0,0.0,25136738
921,2021-05-01,Utrecht,12,6.0,12.0,5.308661855618235,27202822
922,2021-05-01,Zeeland,9,,12.0,0.0,8732228
923,2021-05-01,Zuid-Holland,19,8.0,15.0,76.20741894751164,62190626
924,2021-06-01,Drenthe,7,,14.0,0.0,11755668
925,2021-06-01,Flevoland,6,,17.0,0.0,12550586
926,2021-06-01,Friesland,5,7.0,16.0,0.0,14990976
927,2021-06-01,Gelderland,15,10.0,20.0,1.1377879145111909,43979534
928,2021-06-01,Groningen,10,9.0,23.0,0.0,11936457
929,2021-06-01,Limburg,12,11.0,20.0,0.0320382586752518,23560147
930,2021-06-01,Noord-Brabant,15,11.0,18.0,0.0,57201144
931,2021-06-01,Noord-Holland,16,10.0,17.0,114.42858574801116,47438165
932,2021-06-01,Overijssel,6,9.0,16.0,0.0,25136738
933,2021-06-01,Utrecht,12,9.0,16.0,5.308661855618235,27202822
934,2021-06-01,Zeeland,12,,15.0,0.0,8732228
935,2021-06-01,Zuid-Holland,20,10.0,20.0,76.20741894751164,62190626
936,2021-07-01,Drenthe,4,,13.0,0.0,11755668
937,2021-07-01,Flevoland,5,,16.0,0.0,12550586
938,2021-07-01,Friesland,3,5.0,14.0,0.0,14990976
939,2021-07-01,Gelderland,12,9.0,18.0,1.1377879145111909,43979534
940,2021-07-01,Groningen,9,7.0,17.0,0.0,11936457
941,2021-07-01,Limburg,10,8.0,16.0,0.0320382586752518,23560147
942,2021-07-01,Noord-Brabant,12,8.0,15.0,0.0,57201144
943,2021-07-01,Noord-Holland,14,10.0,17.0,114.42858574801116,47438165
944,2021-07-01,Overijssel,5,6.0,15.0,0.0,25136738
945,2021-07-01,Utrecht,12,8.0,15.0,5.308661855618235,27202822
946,2021-07-01,Zeeland,8,,15.0,0.0,8732228
947,2021-07-01,Zuid-Holland,16,10.0,19.0,76.20741894751164,62190626
948,2021-08-01,Drenthe,4,,10.0,0.0,11755668
949,2021-08-01,Flevoland,5,,12.0,0.0,12550586
950,2021-08-01,Friesland,3,4.0,11.0,0.0,14990976
951,2021-08-01,Gelderland,12,6.0,14.0,1.1377879145111909,43979534
952,2021-08-01,Groningen,9,5.0,14.0,0.0,11936457
953,2021-08-01,Limburg,10,7.0,13.0,0.0320382586752518,23560147
954,2021-08-01,Noord-Brabant,12,7.0,13.0,0.0,57201144
955,2021-08-01,Noord-Holland,15,7.0,14.0,114.42858574801116,47438165
956,2021-08-01,Overijssel,5,5.0,11.0,0.0,25136738
957,2021-08-01,Utrecht,11,6.0,12.0,5.308661855618235,27202822
958,2021-08-01,Zeeland,7,,13.0,0.0,8732228
959,2021-08-01,Zuid-Holland,16,7.0,15.0,76.20741894751164,62190626
960,2021-09-01,Drenthe,6,,12.0,0.0,11755668
961,2021-09-01,Flevoland,9,,16.0,0.0,12550586
962,2021-09-01,Friesland,5,6.0,15.0,0.0,14990976
963,2021-09-01,Gelderland,18,10.0,18.0,1.1377879145111909,43979534
964,2021-09-01,Groningen,13,8.0,17.0,0.0,11936457
965,2021-09-01,Limburg,15,11.0,19.0,0.0320382586752518,23560147
966,2021-09-01,Noord-Brabant,17,11.0,18.0,0.0,57201144
967,2021-09-01,Noord-Holland,21,10.0,18.0,114.42858574801116,47438165
968,2021-09-01,Overijssel,8,7.0,15.0,0.0,25136738
969,2021-09-01,Utrecht,17,10.0,16.0,5.308661855618235,27202822
970,2021-09-01,Zeeland,13,,16.0,0.0,8732228
971,2021-09-01,Zuid-Holland,23,12.0,21.0,76.20741894751164,62190626
972,2021-10-01,Drenthe,8,,11.0,0.0,11755668
973,2021-10-01,Flevoland,10,,12.0,0.0,12550586
974,2021-10-01,Friesland,7,6.0,13.0,0.0,14990976
975,2021-10-01,Gelderland,18,9.0,15.0,1.1377879145111909,43979534
976,2021-10-01,Groningen,14,7.0,16.0,0.0,11936457
977,2021-10-01,Limburg,14,8.0,14.0,0.0320382586752518,23560147
978,2021-10-01,Noord-Brabant,18,10.0,15.0,0.0,57201144
979,2021-10-01,Noord-Holland,23,9.0,17.0,114.42858574801116,47438165
980,2021-10-01,Overijssel,9,7.0,12.0,0.0,25136738
981,2021-10-01,Utrecht,18,9.0,13.0,5.308661855618235,27202822
982,2021-10-01,Zeeland,11,,13.0,0.0,8732228
983,2021-10-01,Zuid-Holland,24,9.0,17.0,76.20741894751164,62190626
984,2021-11-01,Drenthe,11,,13.0,0.0,11755668
985,2021-11-01,Flevoland,15,,14.0,0.0,12550586
986,2021-11-01,Friesland,9,7.0,14.0,0.0,14990976
987,2021-11-01,Gelderland,26,14.0,19.0,1.1377879145111909,43979534
988,2021-11-01,Groningen,18,10.0,19.0,0.0,11936457
989,2021-11-01,Limburg,21,13.0,19.0,0.0320382586752518,23560147
990,2021-11-01,Noord-Brabant,24,14.0,19.0,0.0,57201144
991,2021-11-01,Noord-Holland,28,11.0,18.0,114.42858574801116,47438165
992,2021-11-01,Overijssel,12,11.0,17.0,0.0,25136738
993,2021-11-01,Utrecht,25,13.0,16.0,5.308661855618235,27202822
994,2021-11-01,Zeeland,14,,17.0,0.0,8732228
995,2021-11-01,Zuid-Holland,30,11.0,19.0,76.20741894751164,62190626
996,2021-12-01,Drenthe,12,,10.0,0.0,11755668
997,2021-12-01,Flevoland,15,,11.0,0.0,12550586
998,2021-12-01,Friesland,12,8.0,12.0,0.0,14990976
999,2021-12-01,Gelderland,21,10.0,16.0,1.1377879145111909,43979534
1000,2021-12-01,Groningen,20,8.0,19.0,0.0,11936457
1001,2021-12-01,Limburg,18,10.0,14.0,0.0320382586752518,23560147
1002,2021-12-01,Noord-Brabant,22,11.0,15.0,0.0,57201144
1003,2021-12-01,Noord-Holland,27,10.0,16.0,114.42858574801116,47438165
1004,2021-12-01,Overijssel,14,8.0,14.0,0.0,25136738
1005,2021-12-01,Utrecht,22,11.0,13.0,5.308661855618235,27202822
1006,2021-12-01,Zeeland,15,,15.0,0.0,8732228
1007,2021-12-01,Zuid-Holland,27,11.0,17.0,76.20741894751164,62190626
1008,2022-01-01,Drenthe,9,,14.0,0.0,11755668
1009,2022-01-01,Flevoland,13,,16.0,0.0,12550586
1010,2022-01-01,Friesland,9,8.0,17.0,0.0,14990976
1011,2022-01-01,Gelderland,21,14.0,22.0,1.1377879145111909,43979534
1012,2022-01-01,Groningen,14,9.0,23.0,0.0,11936457
1013,2022-01-01,Limburg,18,13.0,19.0,0.0320382586752518,23560147
1014,2022-01-01,Noord-Brabant,23,16.0,22.0,0.0,57201144
1015,2022-01-01,Noord-Holland,25,12.0,21.0,114.42858574801116,47438165
1016,2022-01-01,Overijssel,11,12.0,18.0,0.0,25136738
1017,2022-01-01,Utrecht,22,14.0,19.0,5.308661855618235,27202822
1018,2022-01-01,Zeeland,15,,21.0,0.0,8732228
1019,2022-01-01,Zuid-Holland,28,14.0,22.0,76.20741894751164,62190626
1020,2022-02-01,Drenthe,6,,11.0,0.0,11755668
1021,2022-02-01,Flevoland,9,,13.0,0.0,12550586
1022,2022-02-01,Friesland,6,6.0,14.0,0.0,14990976
1023,2022-02-01,Gelderland,15,8.0,16.0,1.1377879145111909,43979534
1024,2022-02-01,Groningen,11,6.0,19.0,0.0,11936457
1025,2022-02-01,Limburg,11,6.0,13.0,0.0320382586752518,23560147
1026,2022-02-01,Noord-Brabant,16,9.0,15.0,0.0,57201144
1027,2022-02-01,Noord-Holland,19,9.0,18.0,114.42858574801116,47438165
1028,2022-02-01,Overijssel,7,5.0,14.0,0.0,25136738
1029,2022-02-01,Utrecht,15,8.0,15.0,5.308661855618235,27202822
1030,2022-02-01,Zeeland,8,,14.0,0.0,8732228
1031,2022-02-01,Zuid-Holland,21,8.0,18.0,76.20741894751164,62190626
1032,2022-03-01,Drenthe,10,,21.0,0.0,11755668
1033,2022-03-01,Flevoland,10,,25.0,0.0,12550586
1034,2022-03-01,Friesland,10,16.0,26.0,0.0,14990976
1035,2022-03-01,Gelderland,23,17.0,29.0,1.1377879145111909,43979534
1036,2022-03-01,Groningen,17,17.0,30.0,0.0,11936457
1037,2022-03-01,Limburg,21,18.0,30.0,0.0320382586752518,23560147
1038,2022-03-01,Noord-Brabant,24,20.0,29.0,0.0,57201144
1039,2022-03-01,Noord-Holland,26,19.0,28.0,114.42858574801116,47438165
1040,2022-03-01,Overijssel,10,15.0,27.0,0.0,25136738
1041,2022-03-01,Utrecht,19,18.0,25.0,5.308661855618235,27202822
1042,2022-03-01,Zeeland,24,,31.0,0.0,8732228
1043,2022-03-01,Zuid-Holland,30,19.0,30.0,76.20741894751164,62190626
1044,2022-04-01,Drenthe,7,,11.0,0.0,11755668
1045,2022-04-01,Flevoland,8,,12.0,0.0,12550586
1046,2022-04-01,Friesland,6,8.0,13.0,0.0,14990976
1047,2022-04-01,Gelderland,15,9.0,16.0,1.1377879145111909,43979534
1048,2022-04-01,Groningen,10,7.0,15.0,0.0,11936457
1049,2022-04-01,Limburg,12,9.0,17.0,0.0320382586752518,23560147
1050,2022-04-01,Noord-Brabant,15,11.0,16.0,0.0,57201144
1051,2022-04-01,Noord-Holland,17,9.0,16.0,114.42858574801116,47438165
1052,2022-04-01,Overijssel,6,6.0,14.0,0.0,25136738
1053,2022-04-01,Utrecht,12,8.0,13.0,5.308661855618235,27202822
1054,2022-04-01,Zeeland,14,,17.0,0.0,8732228
1055,2022-04-01,Zuid-Holland,19,9.0,17.0,76.20741894751164,62190626
1056,2022-05-01,Drenthe,8,,15.0,0.0,11755668
1057,2022-05-01,Flevoland,8,,12.0,0.0,12550586
1058,2022-05-01,Friesland,6,7.0,17.0,0.0,14990976
1059,2022-05-01,Gelderland,14,9.0,19.0,1.1377879145111909,43979534
1060,2022-05-01,Groningen,11,7.0,19.0,0.0,11936457
1061,2022-05-01,Limburg,12,8.0,18.0,0.0320382586752518,23560147
1062,2022-05-01,Noord-Brabant,15,11.0,18.0,0.0,57201144
1063,2022-05-01,Noord-Holland,19,10.0,19.0,114.42858574801116,47438165
1064,2022-05-01,Overijssel,6,7.0,15.0,0.0,25136738
1065,2022-05-01,Utrecht,14,8.0,15.0,5.308661855618235,27202822
1066,2022-05-01,Zeeland,11,,15.0,0.0,8732228
1067,2022-05-01,Zuid-Holland,22,9.0,19.0,76.20741894751164,62190626
1068,2022-06-01,Drenthe,6,,11.0,0.0,11755668
1069,2022-06-01,Flevoland,6,,10.0,0.0,12550586
1070,2022-06-01,Friesland,4,6.0,13.0,0.0,14990976
1071,2022-06-01,Gelderland,13,7.0,16.0,1.1377879145111909,43979534
1072,2022-06-01,Groningen,10,6.0,15.0,0.0,11936457
1073,2022-06-01,Limburg,11,6.0,16.0,0.0320382586752518,23560147
1074,2022-06-01,Noord-Brabant,13,8.0,15.0,0.0,57201144
1075,2022-06-01,Noord-Holland,16,8.0,16.0,114.42858574801116,47438165
1076,2022-06-01,Overijssel,6,4.0,12.0,0.0,25136738
1077,2022-06-01,Utrecht,12,7.0,14.0,5.308661855618235,27202822
1078,2022-06-01,Zeeland,10,,15.0,0.0,8732228
1079,2022-06-01,Zuid-Holland,17,7.0,16.0,76.20741894751164,62190626
1080,2022-07-01,Drenthe,6,,10.0,0.0,11755668
1081,2022-07-01,Flevoland,6,,12.0,0.0,12550586
1082,2022-07-01,Friesland,3,3.0,12.0,0.0,14990976
1083,2022-07-01,Gelderland,14,6.0,15.0,1.1377879145111909,43979534
1084,2022-07-01,Groningen,9,5.0,13.0,0.0,11936457
1085,2022-07-01,Limburg,11,6.0,16.0,0.0320382586752518,23560147
1086,2022-07-01,Noord-Brabant,13,6.0,15.0,0.0,57201144
1087,2022-07-01,Noord-Holland,15,6.0,14.0,114.42858574801116,47438165
1088,2022-07-01,Overijssel,6,3.0,12.0,0.0,25136738
1089,2022-07-01,Utrecht,11,6.0,13.0,5.308661855618235,27202822
1090,2022-07-01,Zeeland,8,,14.0,0.0,8732228
1091,2022-07-01,Zuid-Holland,17,6.0,15.0,76.20741894751164,62190626
1092,2022-08-01,Drenthe,8,,14.0,0.0,11755668
1093,2022-08-01,Flevoland,7,,13.0,0.0,12550586
1094,2022-08-01,Friesland,5,4.0,14.0,0.0,14990976
1095,2022-08-01,Gelderland,16,7.0,18.0,1.1377879145111909,43979534
1096,2022-08-01,Groningen,10,7.0,16.0,0.0,11936457
1097,2022-08-01,Limburg,14,8.0,19.0,0.0320382586752518,23560147
1098,2022-08-01,Noord-Brabant,14,7.0,17.0,0.0,57201144
1099,2022-08-01,Noord-Holland,16,7.0,16.0,114.42858574801116,47438165
1100,2022-08-01,Overijssel,7,5.0,14.0,0.0,25136738
1101,2022-08-01,Utrecht,12,7.0,15.0,5.308661855618235,27202822
1102,2022-08-01,Zeeland,12,,16.0,0.0,8732228
1103,2022-08-01,Zuid-Holland,18,7.0,18.0,76.20741894751164,62190626
1104,2022-09-01,Drenthe,7,,11.0,0.0,11755668
1105,2022-09-01,Flevoland,8,,12.0,0.0,12550586
1106,2022-09-01,Friesland,5,4.0,12.0,0.0,14990976
1107,2022-09-01,Gelderland,17,6.0,15.0,1.1377879145111909,43979534
1108,2022-09-01,Groningen,13,7.0,16.0,0.0,11936457
1109,2022-09-01,Limburg,13,6.0,14.0,0.0320382586752518,23560147
1110,2022-09-01,Noord-Brabant,16,7.0,14.0,0.0,57201144
1111,2022-09-01,Noord-Holland,22,6.0,14.0,114.42858574801116,47438165
1112,2022-09-01,Overijssel,8,4.0,12.0,0.0,25136738
1113,2022-09-01,Utrecht,17,6.0,13.0,5.308661855618235,27202822
1114,2022-09-01,Zeeland,9,,14.0,0.0,8732228
1115,2022-09-01,Zuid-Holland,22,6.0,15.0,76.20741894751164,62190626
1116,2022-10-01,Drenthe,9,,13.0,0.0,11755668
1117,2022-10-01,Flevoland,12,,14.0,0.0,12550586
1118,2022-10-01,Friesland,9,5.0,15.0,0.0,14990976
1119,2022-10-01,Gelderland,18,8.0,18.0,1.1377879145111909,43979534
1120,2022-10-01,Groningen,14,7.0,20.0,0.0,11936457
1121,2022-10-01,Limburg,12,7.0,18.0,0.0320382586752518,23560147
1122,2022-10-01,Noord-Brabant,17,9.0,18.0,0.0,57201144
1123,2022-10-01,Noord-Holland,25,8.0,18.0,114.42858574801116,47438165
1124,2022-10-01,Overijssel,11,6.0,14.0,0.0,25136738
1125,2022-10-01,Utrecht,20,8.0,16.0,5.308661855618235,27202822
1126,2022-10-01,Zeeland,12,,18.0,0.0,8732228
1127,2022-10-01,Zuid-Holland,25,8.0,18.0,76.20741894751164,62190626
1128,2022-11-01,Drenthe,11,,12.0,0.0,11755668
1129,2022-11-01,Flevoland,12,,12.0,0.0,12550586
1130,2022-11-01,Friesland,10,7.0,12.0,0.0,14990976
1131,2022-11-01,Gelderland,17,9.0,16.0,1.1377879145111909,43979534
1132,2022-11-01,Groningen,15,8.0,19.0,0.0,11936457
1133,2022-11-01,Limburg,12,7.0,13.0,0.0320382586752518,23560147
1134,2022-11-01,Noord-Brabant,18,9.0,15.0,0.0,57201144
1135,2022-11-01,Noord-Holland,25,10.0,16.0,114.42858574801116,47438165
1136,2022-11-01,Overijssel,12,7.0,12.0,0.0,25136738
1137,2022-11-01,Utrecht,20,9.0,14.0,5.308661855618235,27202822
1138,2022-11-01,Zeeland,13,,15.0,0.0,8732228
1139,2022-11-01,Zuid-Holland,24,9.0,16.0,76.20741894751164,62190626
1140,2022-12-01,Drenthe,13,,17.0,0.0,11755668
1141,2022-12-01,Flevoland,16,,17.0,0.0,12550586
1142,2022-12-01,Friesland,12,10.0,15.0,0.0,14990976
1143,2022-12-01,Gelderland,20,15.0,23.0,1.1377879145111909,43979534
1144,2022-12-01,Groningen,19,12.0,23.0,0.0,11936457
1145,2022-12-01,Limburg,16,15.0,19.0,0.0320382586752518,23560147
1146,2022-12-01,Noord-Brabant,22,15.0,21.0,0.0,57201144
1147,2022-12-01,Noord-Holland,29,15.0,20.0,114.42858574801116,47438165
1148,2022-12-01,Overijssel,14,15.0,19.0,0.0,25136738
1149,2022-12-01,Utrecht,23,15.0,19.0,5.308661855618235,27202822
1150,2022-12-01,Zeeland,18,,21.0,0.0,8732228
1151,2022-12-01,Zuid-Holland,29,14.0,21.0,76.20741894751164,62190626
1152,2023-01-01,Drenthe,7,,10.0,0.0,11755668
1153,2023-01-01,Flevoland,9,,12.0,0.0,12550586
1154,2023-01-01,Friesland,6,4.0,12.0,0.0,14990976
1155,2023-01-01,Gelderland,14,9.0,16.0,1.1377879145111909,43979534
1156,2023-01-01,Groningen,12,6.0,17.0,0.0,11936457
1157,2023-01-01,Limburg,12,10.0,14.0,0.0320382586752518,23560147
1158,2023-01-01,Noord-Brabant,16,11.0,15.0,0.0,57201144
1159,2023-01-01,Noord-Holland,19,9.0,16.0,114.42858574801116,47438165
1160,2023-01-01,Overijssel,8,9.0,13.0,0.0,25136738
1161,2023-01-01,Utrecht,15,9.0,14.0,5.308661855618235,27202822
1162,2023-01-01,Zeeland,10,,16.0,0.0,8732228
1163,2023-01-01,Zuid-Holland,20,9.0,17.0,76.20741894751164,62190626
1164,2023-02-01,Drenthe,10,,16.0,0.0,11755668
1165,2023-02-01,Flevoland,13,,19.0,0.0,12550586
1166,2023-02-01,Friesland,9,7.0,18.0,0.0,14990976
1167,2023-02-01,Gelderland,21,13.0,24.0,1.1377879145111909,43979534
1168,2023-02-01,Groningen,16,10.0,26.0,0.0,11936457
1169,2023-02-01,Limburg,16,13.0,20.0,0.0320382586752518,23560147
1170,2023-02-01,Noord-Brabant,21,16.0,23.0,0.0,57201144
1171,2023-02-01,Noord-Holland,27,14.0,23.0,114.42858574801116,47438165
1172,2023-02-01,Overijssel,13,13.0,21.0,0.0,25136738
1173,2023-02-01,Utrecht,22,13.0,21.0,5.308661855618235,27202822
1174,2023-02-01,Zeeland,16,,23.0,0.0,8732228
1175,2023-02-01,Zuid-Holland,30,14.0,24.0,76.20741894751164,62190626
1176,2023-03-01,Drenthe,6,,9.0,0.0,11755668
1177,2023-03-01,Flevoland,7,,11.0,0.0,12550586
1178,2023-03-01,Friesland,5,4.0,13.0,0.0,14990976
1179,2023-03-01,Gelderland,13,7.0,14.0,1.1377879145111909,43979534
1180,2023-03-01,Groningen,12,5.0,17.0,0.0,11936457
1181,2023-03-01,Limburg,11,7.0,13.0,0.0320382586752518,23560147
1182,2023-03-01,Noord-Brabant,15,7.0,13.0,0.0,57201144
1183,2023-03-01,Noord-Holland,19,8.0,15.0,114.42858574801116,47438165
1184,2023-03-01,Overijssel,7,5.0,12.0,0.0,25136738
1185,2023-03-01,Utrecht,14,7.0,13.0,5.308661855618235,27202822
1186,2023-03-01,Zeeland,9,,14.0,0.0,8732228
1187,2023-03-01,Zuid-Holland,20,7.0,15.0,76.20741894751164,62190626
1188,2023-04-01,Drenthe,6,,15.0,0.0,11755668
1189,2023-04-01,Flevoland,5,,12.0,0.0,12550586
1190,2023-04-01,Friesland,5,8.0,14.0,0.0,14990976
1191,2023-04-01,Gelderland,13,8.0,15.0,1.1377879145111909,43979534
1192,2023-04-01,Groningen,10,8.0,19.0,0.0,11936457
1193,2023-04-01,Limburg,10,8.0,14.0,0.0320382586752518,23560147
1194,2023-04-01,Noord-Brabant,13,9.0,15.0,0.0,57201144
1195,2023-04-01,Noord-Holland,16,10.0,16.0,114.42858574801116,47438165
1196,2023-04-01,Overijssel,6,8.0,14.0,0.0,25136738
1197,2023-04-01,Utrecht,11,9.0,13.0,5.308661855618235,27202822
1198,2023-04-01,Zeeland,10,,17.0,0.0,8732228
1199,2023-04-01,Zuid-Holland,17,10.0,17.0,76.20741894751164,62190626
1200,2023-05-01,Drenthe,6,,16.0,0.0,11755668
1201,2023-05-01,Flevoland,5,,14.0,0.0,12550586
1202,2023-05-01,Friesland,3,5.0,15.0,0.0,14990976
1203,2023-05-01,Gelderland,12,9.0,19.0,1.1377879145111909,43979534
1204,2023-05-01,Groningen,8,6.0,20.0,0.0,11936457
1205,2023-05-01,Limburg,10,8.0,20.0,0.0320382586752518,23560147
1206,2023-05-01,Noord-Brabant,12,9.0,18.0,0.0,57201144
1207,2023-05-01,Noord-Holland,14,9.0,18.0,114.42858574801116,47438165
1208,2023-05-01,Overijssel,5,7.0,16.0,0.0,25136738
1209,2023-05-01,Utrecht,9,8.0,17.0,5.308661855618235,27202822
1210,2023-05-01,Zeeland,11,,23.0,0.0,8732228
1211,2023-05-01,Zuid-Holland,15,9.0,19.0,76.20741894751164,62190626
1212,2023-06-01,Drenthe,9,,17.0,0.0,11755668
1213,2023-06-01,Flevoland,7,,15.0,0.0,12550586
1214,2023-06-01,Friesland,4,4.0,15.0,0.0,14990976
1215,2023-06-01,Gelderland,14,8.0,19.0,1.1377879145111909,43979534
1216,2023-06-01,Groningen,9,5.0,20.0,0.0,11936457
1217,2023-06-01,Limburg,11,9.0,22.0,0.0320382586752518,23560147
1218,2023-06-01,Noord-Brabant,12,8.0,18.0,0.0,57201144
1219,2023-06-01,Noord-Holland,14,8.0,18.0,114.42858574801116,47438165
1220,2023-06-01,Overijssel,7,7.0,17.0,0.0,25136738
1221,2023-06-01,Utrecht,10,8.0,17.0,5.308661855618235,27202822
1222,2023-06-01,Zeeland,12,,19.0,0.0,8732228
1223,2023-06-01,Zuid-Holland,16,8.0,19.0,76.20741894751164,62190626
1224,2023-07-01,Drenthe,6,,10.0,0.0,11755668
1225,2023-07-01,Flevoland,6,,11.0,0.0,12550586
1226,2023-07-01,Friesland,4,3.0,11.0,0.0,14990976
1227,2023-07-01,Gelderland,12,5.0,13.0,1.1377879145111909,43979534
1228,2023-07-01,Groningen,9,3.0,14.0,0.0,11936457
1229,2023-07-01,Limburg,8,5.0,14.0,0.0320382586752518,23560147
1230,2023-07-01,Noord-Brabant,11,6.0,13.0,0.0,57201144
1231,2023-07-01,Noord-Holland,13,5.0,14.0,114.42858574801116,47438165
1232,2023-07-01,Overijssel,7,4.0,12.0,0.0,25136738
1233,2023-07-01,Utrecht,11,6.0,12.0,5.308661855618235,27202822
1234,2023-07-01,Zeeland,6,,13.0,0.0,8732228
1235,2023-07-01,Zuid-Holland,14,5.0,14.0,76.20741894751164,62190626
1236,2023-08-01,Drenthe,5,,9.0,0.0,11755668
1237,2023-08-01,Flevoland,6,,11.0,0.0,12550586
1238,2023-08-01,Friesland,4,5.0,12.0,0.0,14990976
1239,2023-08-01,Gelderland,12,6.0,13.0,1.1377879145111909,43979534
1240,2023-08-01,Groningen,9,4.0,14.0,0.0,11936457
1241,2023-08-01,Limburg,9,5.0,14.0,0.0320382586752518,23560147
1242,2023-08-01,Noord-Brabant,12,6.0,12.0,0.0,57201144
1243,2023-08-01,Noord-Holland,15,5.0,12.0,114.42858574801116,47438165
1244,2023-08-01,Overijssel,6,5.0,11.0,0.0,25136738
1245,2023-08-01,Utrecht,13,6.0,12.0,5.308661855618235,27202822
1246,2023-08-01,Zeeland,7,,12.0,0.0,8732228
1247,2023-08-01,Zuid-Holland,16,5.0,13.0,76.20741894751164,62190626
1248,2023-09-01,Drenthe,8,,14.0,0.0,11755668
1249,2023-09-01,Flevoland,7,,15.0,0.0,12550586
1250,2023-09-01,Friesland,6,8.0,15.0,0.0,14990976
1251,2023-09-01,Gelderland,17,9.0,17.0,1.1377879145111909,43979534
1252,2023-09-01,Groningen,13,8.0,18.0,0.0,11936457
1253,2023-09-01,Limburg,11,7.0,17.0,0.0320382586752518,23560147
1254,2023-09-01,Noord-Brabant,16,10.0,17.0,0.0,57201144
1255,2023-09-01,Noord-Holland,22,10.0,19.0,114.42858574801116,47438165
1256,2023-09-01,Overijssel,8,8.0,16.0,0.0,25136738
1257,2023-09-01,Utrecht,16,10.0,17.0,5.308661855618235,27202822
1258,2023-09-01,Zeeland,13,,17.0,0.0,8732228
1259,2023-09-01,Zuid-Holland,24,10.0,20.0,76.20741894751164,62190626
1260,2023-10-01,Drenthe,7,,9.0,0.0,11755668
1261,2023-10-01,Flevoland,8,,11.0,0.0,12550586
1262,2023-10-01,Friesland,6,7.0,11.0,0.0,14990976
1263,2023-10-01,Gelderland,14,8.0,14.0,1.1377879145111909,43979534
1264,2023-10-01,Groningen,11,5.0,15.0,0.0,11936457
1265,2023-10-01,Limburg,11,6.0,14.0,0.0320382586752518,23560147
1266,2023-10-01,Noord-Brabant,15,8.0,14.0,0.0,57201144
1267,2023-10-01,Noord-Holland,19,7.0,15.0,114.42858574801116,47438165
1268,2023-10-01,Overijssel,8,7.0,12.0,0.0,25136738
1269,2023-10-01,Utrecht,15,8.0,13.0,5.308661855618235,27202822
1270,2023-10-01,Zeeland,10,,15.0,0.0,8732228
1271,2023-10-01,Zuid-Holland,21,7.0,16.0,76.20741894751164,62190626
1272,2023-11-01,Drenthe,6,,8.0,0.0,11755668
1273,2023-11-01,Flevoland,9,,10.0,0.0,12550586
1274,2023-11-01,Friesland,6,6.0,9.0,0.0,14990976
1275,2023-11-01,Gelderland,14,8.0,13.0,1.1377879145111909,43979534
1276,2023-11-01,Groningen,13,4.0,14.0,0.0,11936457
1277,2023-11-01,Limburg,10,6.0,11.0,0.0320382586752518,23560147
1278,2023-11-01,Noord-Brabant,15,8.0,12.0,0.0,57201144
1279,2023-11-01,Noord-Holland,20,7.0,13.0,114.42858574801116,47438165
1280,2023-11-01,Overijssel,9,7.0,10.0,0.0,25136738
1281,2023-11-01,Utrecht,16,8.0,11.0,5.308661855618235,27202822
1282,2023-11-01,Zeeland,9,,13.0,0.0,8732228
1283,2023-11-01,Zuid-Holland,20,6.0,13.0,76.20741894751164,62190626
1284,2023-12-01,Drenthe,8,,11.0,0.0,11755668
1285,2023-12-01,Flevoland,10,,13.0,0.0,12550586
1286,2023-12-01,Friesland,7,10.0,13.0,0.0,14990976
1287,2023-12-01,Gelderland,15,10.0,15.0,1.1377879145111909,43979534
1288,2023-12-01,Groningen,12,8.0,19.0,0.0,11936457
1289,2023-12-01,Limburg,11,8.0,12.0,0.0320382586752518,23560147
1290,2023-12-01,Noord-Brabant,15,11.0,14.0,0.0,57201144
1291,2023-12-01,Noord-Holland,20,10.0,17.0,114.42858574801116,47438165
1292,2023-12-01,Overijssel,10,8.0,14.0,0.0,25136738
1293,2023-12-01,Utrecht,16,10.0,14.0,5.308661855618235,27202822
1294,2023-12-01,Zeeland,10,,15.0,0.0,8732228
1295,2023-12-01,Zuid-Holland,21,10.0,17.0,76.20741894751164,62190626
1296,2024-01-01,Drenthe,8,,12.0,0.0,11755668
1297,2024-01-01,Flevoland,10,,14.0,0.0,12550586
1298,2024-01-01,Friesland,7,10.0,13.0,0.0,14990976
1299,2024-01-01,Gelderland,17,12.0,17.0,1.1377879145111909,43979534
1300,2024-01-01,Groningen,13,7.0,19.0,0.0,11936457
1301,2024-01-01,Limburg,16,12.0,17.0,0.0320382586752518,23560147
1302,2024-01-01,Noord-Brabant,18,15.0,17.0,0.0,57201144
1303,2024-01-01,Noord-Holland,22,10.0,17.0,114.42858574801116,47438165
1304,2024-01-01,Overijssel,10,10.0,14.0,0.0,25136738
1305,2024-01-01,Utrecht,19,12.0,16.0,5.308661855618235,27202822
1306,2024-01-01,Zeeland,12,,16.0,0.0,8732228
1307,2024-01-01,Zuid-Holland,24,9.0,17.0,76.20741894751164,62190626
1308,2024-02-01,Drenthe,7,,11.0,0.0,11755668
1309,2024-02-01,Flevoland,9,,12.0,0.0,12550586
1310,2024-02-01,Friesland,7,5.0,13.0,0.0,14990976
1311,2024-02-01,Gelderland,13,9.0,14.0,1.1377879145111909,43979534
1312,2024-02-01,Groningen,12,7.0,18.0,0.0,11936457
1313,2024-02-01,Limburg,10,8.0,12.0,0.0320382586752518,23560147
1314,2024-02-01,Noord-Brabant,14,8.0,13.0,0.0,57201144
1315,2024-02-01,Noord-Holland,20,8.0,15.0,114.42858574801116,47438165
1316,2024-02-01,Overijssel,9,7.0,13.0,0.0,25136738
1317,2024-02-01,Utrecht,16,9.0,13.0,5.308661855618235,27202822
1318,2024-02-01,Zeeland,10,,13.0,0.0,8732228
1319,2024-02-01,Zuid-Holland,22,8.0,16.0,76.20741894751164,62190626
1320,2024-03-01,Drenthe,7,,16.0,0.0,11755668
1321,2024-03-01,Flevoland,7,,15.0,0.0,12550586
1322,2024-03-01,Friesland,6,11.0,18.0,0.0,14990976
1323,2024-03-01,Gelderland,14,13.0,18.0,1.1377879145111909,43979534
1324,2024-03-01,Groningen,11,13.0,23.0,0.0,11936457
1325,2024-03-01,Limburg,11,8.0,13.0,0.0320382586752518,23560147
1326,2024-03-01,Noord-Brabant,15,11.0,16.0,0.0,57201144
1327,2024-03-01,Noord-Holland,20,12.0,18.0,114.42858574801116,47438165
1328,2024-03-01,Overijssel,7,10.0,18.0,0.0,25136738
1329,2024-03-01,Utrecht,14,12.0,16.0,5.308661855618235,27202822
1330,2024-03-01,Zeeland,12,,17.0,0.0,8732228
1331,2024-03-01,Zuid-Holland,22,11.0,18.0,76.20741894751164,62190626
1332,2024-04-01,Drenthe,5,,9.0,0.0,11755668
1333,2024-04-01,Flevoland,5,4.0,10.0,0.0,12550586
1334,2024-04-01,Friesland,4,5.0,10.0,0.0,14990976
1335,2024-04-01,Gelderland,10,6.0,11.0,1.1377879145111909,43979534
1336,2024-04-01,Groningen,9,6.0,13.0,0.0,11936457
1337,2024-04-01,Limburg,7,4.0,11.0,0.0320382586752518,23560147
1338,2024-04-01,Noord-Brabant,10,6.0,11.0,0.0,57201144
1339,2024-04-01,Noord-Holland,16,6.0,12.0,114.42858574801116,47438165
1340,2024-04-01,Overijssel,5,3.0,10.0,0.0,25136738
1341,2024-04-01,Utrecht,11,7.0,11.0,5.308661855618235,27202822
1342,2024-04-01,Zeeland,7,,11.0,0.0,8732228
1343,2024-04-01,Zuid-Holland,16,5.0,12.0,76.20741894751164,62190626
1344,2024-05-01,Drenthe,7,,13.0,0.0,11755668
1345,2024-05-01,Flevoland,6,10.0,14.0,0.0,12550586
1346,2024-05-01,Friesland,5,7.0,13.0,0.0,14990976
1347,2024-05-01,Gelderland,11,10.0,16.0,1.1377879145111909,43979534
1348,2024-05-01,Groningen,9,8.0,19.0,0.0,11936457
1349,2024-05-01,Limburg,9,9.0,16.0,0.0320382586752518,23560147
1350,2024-05-01,Noord-Brabant,12,11.0,17.0,0.0,57201144
1351,2024-05-01,Noord-Holland,17,11.0,17.0,114.42858574801116,47438165
1352,2024-05-01,Overijssel,6,5.0,16.0,0.0,25136738
1353,2024-05-01,Utrecht,11,11.0,15.0,5.308661855618235,27202822
1354,2024-05-01,Zeeland,10,,16.0,0.0,8732228
1355,2024-05-01,Zuid-Holland,18,11.0,18.0,76.20741894751164,62190626
1356,2024-06-01,Drenthe,4,,12.0,0.0,11755668
1357,2024-06-01,Flevoland,5,6.0,13.0,0.0,12550586
1358,2024-06-01,Friesland,3,4.0,11.0,0.0,14990976
1359,2024-06-01,Gelderland,10,8.0,16.0,1.1377879145111909,43979534
1360,2024-06-01,Groningen,8,6.0,18.0,0.0,11936457
1361,2024-06-01,Limburg,8,7.0,16.0,0.0320382586752518,23560147
1362,2024-06-01,Noord-Brabant,11,8.0,15.0,0.0,57201144
1363,2024-06-01,Noord-Holland,14,8.0,15.0,114.42858574801116,47438165
1364,2024-06-01,Overijssel,4,5.0,13.0,0.0,25136738
1365,2024-06-01,Utrecht,11,8.0,14.0,5.308661855618235,27202822
1366,2024-06-01,Zeeland,8,,15.0,0.0,8732228
1367,2024-06-01,Zuid-Holland,16,7.0,16.0,76.20741894751164,62190626
1368,2024-07-01,Drenthe,3,,11.0,0.0,11755668
1369,2024-07-01,Flevoland,5,5.0,11.0,0.0,12550586
1370,2024-07-01,Friesland,3,2.0,10.0,0.0,14990976
1371,2024-07-01,Gelderland,10,7.0,13.0,1.1377879145111909,43979534
1372,2024-07-01,Groningen,7,5.0,15.0,0.0,11936457
1373,2024-07-01,Limburg,8,5.0,14.0,0.0320382586752518,23560147
1374,2024-07-01,Noord-Brabant,11,7.0,14.0,0.0,57201144
1375,2024-07-01,Noord-Holland,14,6.0,13.0,114.42858574801116,47438165
1376,2024-07-01,Overijssel,4,3.0,11.0,0.0,25136738
1377,2024-07-01,Utrecht,10,6.0,13.0,5.308661855618235,27202822
1378,2024-07-01,Zeeland,8,,12.0,0.0,8732228
1379,2024-07-01,Zuid-Holland,16,6.0,14.0,76.20741894751164,62190626
1380,2024-08-01,Drenthe,5,,14.0,0.0,11755668
1381,2024-08-01,Flevoland,6,7.0,14.0,0.0,12550586
1382,2024-08-01,Friesland,5,4.0,13.0,0.0,14990976
1383,2024-08-01,Gelderland,11,8.0,16.0,1.1377879145111909,43979534
1384,2024-08-01,Groningen,8,6.0,17.0,0.0,11936457
1385,2024-08-01,Limburg,9,7.0,16.0,0.0320382586752518,23560147
1386,2024-08-01,Noord-Brabant,12,10.0,18.0,0.0,57201144
1387,2024-08-01,Noord-Holland,15,8.0,16.0,114.42858574801116,47438165
1388,2024-08-01,Overijssel,5,6.0,14.0,0.0,25136738
1389,2024-08-01,Utrecht,12,8.0,16.0,5.308661855618235,27202822
1390,2024-08-01,Zeeland,8,,15.0,0.0,8732228
1391,2024-08-01,Zuid-Holland,17,8.0,17.0,76.20741894751164,62190626
1392,2024-09-01,Drenthe,5,,16.0,0.0,11755668
1393,2024-09-01,Flevoland,7,9.0,15.0,0.0,12550586
1394,2024-09-01,Friesland,5,6.0,13.0,0.0,14990976
1395,2024-09-01,Gelderland,12,8.0,17.0,1.1377879145111909,43979534
1396,2024-09-01,Groningen,10,8.0,18.0,0.0,11936457
1397,2024-09-01,Limburg,10,8.0,16.0,0.0320382586752518,23560147
1398,2024-09-01,Noord-Brabant,12,10.0,17.0,0.0,57201144
1399,2024-09-01,Noord-Holland,16,9.0,16.0,114.42858574801116,47438165
1400,2024-09-01,Overijssel,6,7.0,14.0,0.0,25136738
1401,2024-09-01,Utrecht,13,9.0,16.0,5.308661855618235,27202822
1402,2024-09-01,Zeeland,8,,14.0,0.0,8732228
1403,2024-09-01,Zuid-Holland,18,9.0,18.0,76.20741894751164,62190626
1404,2024-10-01,Drenthe,7,,11.0,0.0,11755668
1405,2024-10-01,Flevoland,11,7.0,12.0,0.0,12550586
1406,2024-10-01,Friesland,8,3.0,9.0,0.0,14990976
1407,2024-10-01,Gelderland,15,7.0,15.0,1.1377879145111909,43979534
1408,2024-10-01,Groningen,13,6.0,15.0,0.0,11936457
1409,2024-10-01,Limburg,12,6.0,12.0,0.0320382586752518,23560147
1410,2024-10-01,Noord-Brabant,15,8.0,15.0,0.0,57201144
1411,2024-10-01,Noord-Holland,22,7.0,14.0,114.42858574801116,47438165
1412,2024-10-01,Overijssel,8,5.0,11.0,0.0,25136738
1413,2024-10-01,Utrecht,17,9.0,13.0,5.308661855618235,27202822
1414,2024-10-01,Zeeland,12,,12.0,0.0,8732228
1415,2024-10-01,Zuid-Holland,23,7.0,15.0,76.20741894751164,62190626
1416,2024-11-01,Drenthe,8,,12.0,0.0,11755668
1417,2024-11-01,Flevoland,12,10.0,14.0,0.0,12550586
1418,2024-11-01,Friesland,7,7.0,11.0,0.0,14990976
1419,2024-11-01,Gelderland,17,10.0,15.0,1.1377879145111909,43979534
1420,2024-11-01,Groningen,13,7.0,16.0,0.0,11936457
1421,2024-11-01,Limburg,13,9.0,13.0,0.0320382586752518,23560147
1422,2024-11-01,Noord-Brabant,18,11.0,16.0,0.0,57201144
1423,2024-11-01,Noord-Holland,22,10.0,17.0,114.42858574801116,47438165
1424,2024-11-01,Overijssel,9,7.0,13.0,0.0,25136738
1425,2024-11-01,Utrecht,18,12.0,16.0,5.308661855618235,27202822
1426,2024-11-01,Zeeland,12,,16.0,0.0,8732228
1427,2024-11-01,Zuid-Holland,23,11.0,18.0,76.20741894751164,62190626
1428,2024-12-01,Drenthe,8,,10.0,0.0,11755668
1429,2024-12-01,Flevoland,12,10.0,13.0,0.0,12550586
1430,2024-12-01,Friesland,8,9.0,11.0,0.0,14990976
1431,2024-12-01,Gelderland,14,8.0,13.0,1.1377879145111909,43979534
1432,2024-12-01,Groningen,12,7.0,15.0,0.0,11936457
1433,2024-12-01,Limburg,12,8.0,12.0,0.0320382586752518,23560147
1434,2024-12-01,Noord-Brabant,14,9.0,14.0,0.0,57201144
1435,2024-12-01,Noord-Holland,20,10.0,16.0,114.42858574801116,47438165
1436,2024-12-01,Overijssel,9,6.0,11.0,0.0,25136738
1437,2024-12-01,Utrecht,16,11.0,14.0,5.308661855618235,27202822
1438,2024-12-01,Zeeland,10,,16.0,0.0,8732228
1439,2024-12-01,Zuid-Holland,20,11.0,17.0,76.20741894751164,62190626
